A,E,H,F,B,G,D,I
F,2.1,602.0,0.8565,0.72,0.4825,215.0,12
F,1.6895,0.4935,0.6555,0.73,0.1965,0.18,10
M,2032.0,0.6585,735.0,775.0,0.4755,0.22,17
F,0.66,175.0,0.3045,505.0,0.1555,115.0,8
M,0.7455,245.0,0.2995,0.53,0.1355,0.13,10
F,616.0,0.21,243.0,505.0,0.1075,115.0,11
I,0.2825,95.0,114.0,405.0,0.0575,0.09,7
M,0.3355,95.0,0.1545,415.0,0.0685,0.1,7
M,651.0,0.22,273.0,0.5,132.0,145.0,11
M,361.0,125.0,134.0,425.0,0.0825,0.08,7
M,0.4775,175.0,0.1885,0.47,0.0885,0.1,8
F,0.3465,115.0,0.1475,0.4,0.0695,115.0,10
I,0.25,85.0,0.1025,0.37,0.0505,0.1,10
M,0.66,215.0,0.2655,0.5,0.1365,155.0,19
I,315.0,95.0,124.0,0.41,82.0,0.11,9
M,276.0,85.0,0.1175,375.0,0.0565,0.1,9
F,0.5395,165.0,0.2175,0.49,128.0,125.0,11
M,1.04,285.0,434.0,585.0,265.0,185.0,10
M,1041.0,365.0,416.0,595.0,0.2105,155.0,14
F,1.6885,0.6,562.0,675.0,0.3705,0.18,15
M,2.1835,885.0,0.7535,665.0,391.0,225.0,27
M,1.2105,335.0,0.5185,0.62,0.2555,0.17,13
I,166.0,45.0,76.0,325.0,51.0,55.0,5
I,452.0,125.0,0.2165,455.0,0.0995,0.08,9
M,0.7185,175.0,0.3265,525.0,0.1975,0.13,8
I,232.0,0.08,0.0855,385.0,0.0495,0.09,7
I,0.0105,0.0035,5.0,0.13,0.0065,35.0,4
I,0.0275,9.0,0.0125,0.18,0.01,45.0,3
I,0.1445,45.0,0.0675,0.31,0.0385,0.05,6
F,282.0,0.08,0.1405,375.0,0.0725,0.08,7
F,608.0,185.0,0.2705,0.48,0.1405,0.12,8
I,433.0,145.0,201.0,455.0,0.1265,125.0,9
M,0.3295,0.11,0.1365,425.0,0.0725,0.1,7
I,0.4555,145.0,177.0,475.0,0.0965,0.11,9
F,0.4585,0.13,192.0,435.0,0.1,0.12,11
F,275.0,35.0,113.0,0.29,0.0675,75.0,6
M,335.0,0.09,147.0,385.0,94.0,95.0,7
M,0.4265,0.15,0.1685,0.47,0.0755,115.0,8
F,0.5765,185.0,0.2395,0.5,126.0,125.0,10
I,127.0,85.0,106.0,0.4,71.0,0.1,7
M,1.1505,0.4,0.4375,0.62,0.2265,175.0,12
M,0.8915,245.0,359.0,595.0,0.2105,0.15,12
M,0.97,295.0,462.0,585.0,185.0,0.14,9
M,0.18,55.0,0.08,0.32,0.0385,0.08,6
F,0.6985,215.0,0.2945,0.52,0.1625,125.0,10
M,0.4585,0.13,0.2,0.44,0.0885,0.11,9
F,0.4005,0.12,143.0,0.44,113.0,115.0,8
M,0.7145,0.18,0.3055,565.0,166.0,0.1,12
F,932.0,335.0,361.0,0.56,213.0,125.0,9
F,966.0,0.31,391.0,0.59,0.2455,175.0,10
F,0.9995,295.0,405.0,0.57,277.0,0.18,16
M,1496.0,465.0,0.5825,0.68,337.0,205.0,14
F,0.5065,0.16,222.0,0.45,105.0,125.0,10
I,0.1735,0.05,76.0,0.32,0.0355,75.0,7
I,0.3945,125.0,0.1685,0.46,0.0865,0.11,9
M,0.4665,155.0,0.2025,0.47,0.1015,105.0,10
M,401.0,135.0,0.1575,455.0,83.0,105.0,9
F,0.3455,0.11,0.1405,415.0,0.0765,115.0,9
M,0.5205,185.0,0.2015,465.0,0.1625,0.12,11
M,0.4935,0.17,186.0,0.46,0.0845,135.0,12
M,0.3245,115.0,0.1305,415.0,0.0735,0.09,8
M,106.0,36.0,0.0465,0.27,18.0,0.07,7
M,0.4415,0.1505,0.1805,445.0,0.1035,0.11,10
F,1966.0,0.5855,0.8435,745.0,437.0,0.19,18
F,0.3025,0.0935,0.1335,0.4,0.0465,115.0,8
I,0.1225,35.0,0.0545,0.28,0.0115,75.0,5
M,879.0,265.0,368.0,0.55,0.2095,135.0,10
M,1.2275,435.0,473.0,0.58,0.1965,165.0,16
M,1.2715,0.49,0.4915,0.61,185.0,165.0,12
M,1806.0,725.0,643.0,0.62,0.3285,175.0,17
M,0.8085,285.0,0.3025,0.56,0.1795,195.0,14
F,1.3905,0.41,0.61,0.64,0.3315,0.2,12
M,1.8465,0.57,732.0,0.69,472.0,0.2,19
F,2.1995,885.0,0.7245,715.0,465.0,0.24,17
F,1817.0,0.49,785.0,0.71,492.0,195.0,11
F,897.0,0.29,377.0,0.55,184.0,0.15,9
M,0.3245,95.0,0.1395,375.0,0.0565,0.09,5
F,1136.0,0.3,414.0,0.61,311.0,0.16,9
I,0.2735,85.0,115.0,0.38,61.0,85.0,6
F,0.2405,0.07,104.0,0.37,0.0535,85.0,5
M,0.1545,45.0,66.0,335.0,0.0345,85.0,6
I,0.0145,5.0,0.0055,165.0,3.0,15.0,4
M,0.1185,0.04,55.0,285.0,0.0285,75.0,7
I,0.0295,0.01,0.0155,0.19,15.0,0.03,6
I,0.0385,0.01,0.0115,215.0,5.0,0.03,5
M,799.0,0.23,0.3245,595.0,0.2,125.0,10
F,1.1845,355.0,0.4805,645.0,274.0,0.17,13
M,925.0,0.35,342.0,575.0,197.0,185.0,12
F,1098.0,405.0,414.0,0.57,187.0,0.17,20
F,1071.0,395.0,0.3,0.58,206.0,235.0,14
F,975.0,0.34,358.0,595.0,0.2035,0.2,15
F,1283.0,445.0,462.0,595.0,0.2475,0.25,14
F,1.0595,445.0,358.0,625.0,165.0,165.0,21
M,0.9195,0.26,0.3355,535.0,0.1985,165.0,16
M,0.9295,355.0,317.0,0.55,0.1735,0.16,13
M,0.8085,0.35,0.2345,495.0,0.1155,155.0,6
I,0.1485,45.0,64.0,0.32,31.0,0.08,6
M,0.4475,0.13,193.0,445.0,0.1035,0.12,9
F,0.6865,185.0,295.0,0.52,0.1715,125.0,9
M,0.6335,0.26,0.2,495.0,0.1225,135.0,14
M,547.0,0.17,222.0,0.47,0.1325,135.0,12
F,585.0,195.0,243.0,0.49,115.0,0.14,10
M,927.0,315.0,0.3215,0.58,0.1985,165.0,11
M,1.4935,455.0,0.5265,645.0,0.2785,185.0,15
F,1.0405,0.3,419.0,575.0,264.0,165.0,14
I,0.0605,0.02,0.0205,215.0,14.0,55.0,6
I,0.3675,0.12,0.1355,0.43,0.0935,0.11,13
I,99.0,45.0,37.0,0.26,0.0255,0.08,5
I,233.0,0.07,0.0905,0.37,0.0545,0.09,11
I,0.3625,125.0,0.1565,405.0,0.0705,105.0,10
I,81.0,0.03,0.0265,0.27,0.0195,0.08,6
F,1596.0,585.0,525.0,0.68,0.4075,0.2,21
F,1.4005,0.44,0.5195,0.65,0.36,195.0,13
F,1406.0,0.51,0.4265,645.0,0.2285,215.0,25
M,0.9245,295.0,0.3445,0.57,0.2185,0.16,19
M,1.36,0.47,0.5305,615.0,0.2375,0.19,18
M,0.43,0.13,175.0,0.42,96.0,105.0,7
I,0.1365,42.0,0.0565,275.0,0.0285,0.08,6
F,0.14,0.04,0.0515,0.29,0.0235,75.0,5
M,0.4215,135.0,175.0,0.42,93.0,115.0,8
F,1.5765,665.0,0.5115,625.0,0.2595,215.0,16
F,1.2125,525.0,0.3245,0.55,205.0,0.18,27
M,1.6305,0.61,0.4865,0.66,297.0,0.2,18
M,1142.0,0.35,387.0,565.0,258.0,195.0,17
F,1366.0,0.52,0.5065,595.0,219.0,235.0,13
M,1539.0,0.57,0.5635,0.63,0.2815,0.23,17
F,445.0,155.0,165.0,0.43,0.0995,0.12,8
F,0.5725,175.0,0.1965,455.0,0.1325,0.14,10
I,0.19,65.0,0.0765,0.33,0.0385,0.08,7
F,764.0,0.25,276.0,515.0,196.0,0.13,13
M,853.0,0.27,0.3285,495.0,189.0,0.15,14
F,0.5885,0.19,0.2385,485.0,0.1155,145.0,13
F,0.7875,0.2,0.3395,535.0,0.2005,145.0,8
M,1035.0,385.0,401.0,0.58,0.1865,175.0,17
F,1352.0,0.53,0.4505,625.0,0.2445,195.0,13
F,958.0,0.39,296.0,555.0,195.0,0.18,14
F,797.0,265.0,297.0,0.55,0.15,145.0,9
M,857.0,0.28,356.0,0.59,174.0,155.0,13
I,0.2235,0.08,0.0815,355.0,0.0525,0.11,7
I,86.0,0.03,0.0305,275.0,19.0,75.0,7
F,692.0,215.0,267.0,505.0,0.15,175.0,12
M,0.2225,75.0,0.0805,0.37,51.0,95.0,7
M,0.7575,275.0,0.2735,555.0,0.1635,165.0,13
F,729.0,0.25,0.2675,505.0,155.0,165.0,9
F,903.0,295.0,0.3575,0.56,0.2045,0.18,9
M,1.0965,0.35,419.0,595.0,229.0,0.17,17
F,903.0,295.0,0.3305,0.57,0.1845,165.0,14
M,1229.0,415.0,0.4125,0.6,0.2735,175.0,13
F,1106.0,0.33,422.0,0.56,0.2435,185.0,15
M,1171.0,0.4,0.3905,585.0,0.2355,0.19,17
I,444.0,0.11,225.0,0.46,0.0745,0.11,8
F,0.4755,0.16,0.2105,0.46,105.0,115.0,8
M,388.0,125.0,68.0,415.0,0.09,125.0,12
F,0.3785,125.0,152.0,435.0,0.0915,0.12,11
F,486.0,185.0,0.1735,475.0,0.07,135.0,7
M,0.5265,165.0,0.2105,465.0,0.1185,0.13,10
I,0.2275,85.0,0.0935,355.0,0.0455,0.1,11
M,0.5105,205.0,192.0,0.46,0.1045,0.14,9
F,0.3105,105.0,0.12,0.38,74.0,0.11,10
F,543.0,0.15,0.2295,0.47,0.1495,0.12,9
M,0.2225,75.0,83.0,0.36,53.0,0.09,6
F,998.0,315.0,345.0,585.0,0.2495,165.0,12
M,1.5455,415.0,654.0,655.0,0.3765,0.2,11
M,1.2675,0.38,0.4995,0.6,0.2815,175.0,13
F,1.1,0.38,0.4125,0.57,0.2205,0.17,14
F,1.4285,0.36,639.0,645.0,305.0,0.2,11
M,1793.0,0.53,0.8005,0.65,339.0,0.18,14
M,0.6185,0.24,216.0,0.51,0.1385,145.0,12
M,0.5825,175.0,0.2505,0.52,0.1565,135.0,8
M,0.7485,285.0,264.0,495.0,134.0,165.0,13
M,406.0,135.0,166.0,0.43,0.0935,115.0,8
F,1.1005,295.0,506.0,0.59,0.2525,0.16,13
M,869.0,0.32,0.3155,0.55,0.1825,175.0,10
M,955.0,0.27,0.3625,585.0,176.0,0.16,11
F,0.9215,0.3,312.0,0.58,196.0,0.16,17
F,1456.0,0.32,581.0,0.62,0.2875,0.15,13
I,893.0,345.0,0.2745,0.59,0.2185,0.16,14
F,2226.0,0.62,0.8955,0.72,405.0,215.0,13
F,1.2125,0.36,0.5735,635.0,261.0,175.0,14
F,1.0675,0.42,391.0,0.61,216.0,175.0,15
F,0.8525,295.0,0.3465,545.0,189.0,175.0,13
M,0.8615,255.0,0.3725,0.57,0.2175,0.16,12
F,1162.0,0.32,511.0,0.6,0.2675,0.18,18
F,0.8705,0.25,0.3735,0.52,219.0,0.17,14
M,1598.0,0.58,0.6535,635.0,0.2835,0.21,15
F,1406.0,0.37,519.0,0.67,348.0,0.15,13
M,2033.0,685.0,751.0,695.0,0.4255,0.2,15
M,1259.0,445.0,487.0,655.0,0.2215,185.0,20
F,1.0935,355.0,403.0,0.62,245.0,0.23,14
F,1.1805,425.0,0.4345,0.6,0.2475,0.18,19
M,0.7175,0.17,0.3725,0.51,158.0,0.13,9
M,0.7575,195.0,0.3305,525.0,216.0,135.0,10
M,487.0,155.0,226.0,0.44,0.0965,0.13,9
I,0.5705,185.0,0.25,485.0,134.0,0.14,8
F,0.6905,175.0,0.3125,495.0,179.0,0.13,10
I,0.4475,125.0,221.0,435.0,112.0,0.12,7
I,347.0,0.1,0.1605,405.0,0.0785,105.0,9
I,352.0,0.1,0.1635,0.42,89.0,0.1,9
F,0.7145,195.0,0.3235,0.5,173.0,0.15,9
F,0.3315,0.1,0.1365,385.0,0.0745,105.0,7
I,0.18,0.06,68.0,0.33,36.0,0.09,6
F,974.0,285.0,0.4305,0.58,0.23,155.0,10
I,185.0,65.0,0.08,325.0,0.0435,0.1,6
M,563.0,185.0,0.2525,475.0,0.1205,0.12,10
F,0.3215,95.0,0.1545,0.38,75.0,0.09,9
I,179.0,55.0,76.0,0.34,0.0525,0.09,6
M,702.0,0.22,0.3335,525.0,0.1465,0.12,12
F,0.8045,285.0,0.3325,0.52,0.1725,145.0,10
F,0.8075,0.25,322.0,535.0,181.0,135.0,13
M,578.0,0.17,0.2825,475.0,0.12,0.12,8
I,385.0,125.0,167.0,415.0,0.08,0.1,7
I,585.0,165.0,0.2755,495.0,0.1235,125.0,8
F,0.6375,0.21,277.0,0.48,0.1445,0.13,10
F,813.0,0.23,385.0,0.52,0.2015,0.15,10
M,0.5735,195.0,0.2505,0.46,119.0,0.13,9
F,0.94,265.0,399.0,0.58,257.0,0.12,11
M,1008.0,285.0,422.0,0.59,0.2245,135.0,11
F,775.0,0.26,302.0,0.55,179.0,135.0,23
F,1.1445,365.0,485.0,0.65,218.0,165.0,12
F,0.6,0.23,0.2225,465.0,129.0,135.0,16
M,515.0,175.0,0.2,455.0,0.1275,0.13,11
M,0.5795,195.0,0.2145,0.47,164.0,0.13,13
F,384.0,125.0,143.0,435.0,0.1005,0.11,13
M,0.2965,85.0,0.1365,0.35,63.0,0.11,7
I,137.0,0.04,0.0545,315.0,0.0315,0.07,8
M,991.0,0.34,0.4035,595.0,0.1505,145.0,16
F,925.0,275.0,391.0,0.58,165.0,135.0,14
M,805.0,0.27,293.0,575.0,0.1625,0.15,17
M,0.8915,0.25,0.3415,535.0,177.0,155.0,13
M,769.0,0.29,0.2505,515.0,154.0,0.14,13
F,0.6185,0.2,251.0,505.0,0.1175,135.0,12
F,0.6515,205.0,0.2695,505.0,153.0,145.0,15
I,0.2875,95.0,0.1145,0.4,0.0635,0.1,10
M,0.5545,215.0,213.0,0.49,0.0925,135.0,14
M,0.7365,0.22,0.3275,0.53,0.1315,135.0,12
I,306.0,95.0,111.0,395.0,0.0735,105.0,8
F,1496.0,475.0,0.5775,665.0,0.2815,0.19,17
F,0.3605,0.1,0.12,415.0,82.0,105.0,10
M,0.3045,0.12,0.0925,0.43,55.0,115.0,11
M,592.0,0.2,0.2465,475.0,0.1645,135.0,13
F,0.7995,0.24,0.3345,525.0,209.0,145.0,15
I,0.5825,255.0,0.2315,0.48,121.0,145.0,15
I,0.3435,115.0,0.1515,0.42,0.0795,115.0,9
M,906.0,335.0,327.0,0.59,0.1485,155.0,15
F,0.6295,215.0,0.2815,515.0,127.0,135.0,9
M,1.5515,445.0,566.0,695.0,0.3835,0.22,13
F,2526.0,0.62,933.0,0.8,0.59,195.0,23
M,1103.0,0.36,425.0,0.61,0.2025,0.15,23
F,957.0,275.0,0.3885,565.0,215.0,175.0,18
M,0.86,245.0,0.4015,0.56,0.1695,165.0,11
M,1.62,485.0,0.6275,655.0,358.0,195.0,17
M,1407.0,455.0,566.0,0.64,304.0,0.2,17
F,0.9,0.25,355.0,0.59,0.1905,0.17,11
I,0.1455,45.0,0.0605,0.31,0.0315,0.09,7
I,75.0,25.0,28.0,255.0,18.0,0.07,6
I,0.0235,8.0,9.0,0.17,0.0055,55.0,6
M,1247.0,0.4,472.0,0.67,0.2455,0.17,21
F,1.7265,565.0,638.0,0.71,0.3365,195.0,17
F,0.8025,263.0,313.0,0.56,0.1715,125.0,13
M,764.0,0.2175,0.3035,505.0,189.0,0.13,11
M,0.8645,0.2515,376.0,525.0,0.1945,165.0,16
F,0.4715,149.0,0.2035,0.45,0.0935,105.0,9
F,631.0,216.0,0.2765,515.0,111.0,0.17,12
M,0.9455,0.27,0.3815,0.59,184.0,0.16,19
M,1.3185,0.42,548.0,0.7,233.0,0.19,18
F,1.7265,525.0,637.0,0.72,0.3415,175.0,17
M,1081.0,0.31,0.4825,635.0,242.0,0.15,11
M,0.9025,0.28,0.3805,555.0,0.2105,135.0,13
M,1.1415,0.4,0.4515,575.0,204.0,0.15,13
M,1027.0,0.25,391.0,585.0,212.0,125.0,17
F,1.3445,515.0,535.0,0.61,0.2205,0.21,20
F,1449.0,505.0,601.0,645.0,0.2565,0.2,13
F,0.7745,265.0,0.2985,545.0,0.1875,175.0,11
M,0.7895,0.25,343.0,0.55,159.0,155.0,12
F,1.3665,0.41,0.5005,0.66,291.0,205.0,18
M,1.0295,305.0,0.4635,0.57,0.1905,195.0,18
F,1031.0,0.29,392.0,0.6,0.2035,0.2,15
F,1065.0,315.0,0.4595,0.63,216.0,165.0,12
M,1885.0,0.5,0.8665,695.0,435.0,0.23,19
M,1.2425,0.48,487.0,0.65,296.0,0.16,15
F,1969.0,0.66,0.8045,0.72,423.0,225.0,16
I,0.9445,0.3,0.3545,0.56,0.2175,0.17,12
I,354.0,105.0,0.1625,0.42,64.0,115.0,8
M,23.0,0.01,0.0085,0.18,0.0055,0.05,3
F,0.3575,0.11,145.0,405.0,0.0725,0.11,12
F,0.5965,185.0,253.0,0.5,126.0,0.15,12
I,383.0,135.0,0.1555,435.0,0.0675,0.11,12
M,0.2065,0.07,0.0725,0.34,43.0,0.09,10
F,382.0,109.0,154.0,0.43,0.0955,0.11,8
I,0.6315,0.1815,0.2745,535.0,0.1415,155.0,12
I,0.3285,106.0,0.1405,415.0,51.0,115.0,12
F,0.2165,0.0735,96.0,0.36,37.0,0.09,10
M,0.0305,0.01,11.0,175.0,0.0075,0.04,5
M,24.0,0.0075,9.0,155.0,5.0,25.0,5
I,0.7365,215.0,0.3225,525.0,161.0,0.15,11
F,0.6005,0.21,0.2265,525.0,131.0,135.0,16
F,0.4285,132.0,165.0,0.44,83.0,105.0,11
F,496.0,0.14,0.1905,0.45,117.0,115.0,12
F,0.6195,177.0,0.2595,485.0,0.1445,0.14,14
I,567.0,0.1525,0.2315,0.47,0.1465,135.0,11
I,0.6505,0.2215,0.2495,515.0,141.0,0.14,10
M,0.4495,144.0,165.0,0.42,0.1125,125.0,11
F,0.4485,0.1335,0.1585,455.0,102.0,125.0,16
M,241.0,69.0,0.11,0.37,45.0,0.09,10
M,197.0,0.0605,85.0,0.33,41.0,0.09,10
I,0.1425,43.0,57.0,0.3,0.0335,0.09,7
I,1.2395,0.38,0.55,625.0,273.0,0.16,14
I,1.0385,0.32,0.4435,0.61,241.0,0.17,14
I,972.0,0.35,404.0,625.0,0.1845,155.0,14
I,1.3315,435.0,0.5805,635.0,252.0,0.19,17
I,762.0,0.19,0.3795,0.5,161.0,155.0,14
F,775.0,235.0,0.35,0.53,152.0,0.17,17
I,437.0,0.17,163.0,445.0,0.0755,0.1,13
F,0.6985,195.0,0.3,585.0,146.0,155.0,12
I,435.0,0.14,159.0,0.44,105.0,165.0,16
M,0.1295,45.0,0.0535,0.29,26.0,0.08,10
I,0.8435,0.3,309.0,555.0,0.1905,0.17,15
I,1.25,315.0,0.5265,655.0,283.0,145.0,15
F,1017.0,0.32,0.3515,0.58,0.2,185.0,10
I,1411.0,395.0,572.0,625.0,297.0,175.0,12
I,1208.0,0.33,0.4805,0.62,0.3045,0.17,15
F,1.0705,0.36,371.0,0.64,0.2705,0.15,8
F,0.5895,167.0,0.2635,505.0,0.12,115.0,10
I,537.0,0.1785,0.2165,0.5,0.1085,0.12,9
M,0.15,48.0,0.0525,0.31,34.0,95.0,7
F,651.0,0.17,0.2935,505.0,0.19,145.0,12
I,0.28,0.0955,94.0,0.42,0.0785,0.11,9
M,287.0,113.0,0.1135,0.4,37.0,105.0,10
M,0.3525,0.13,0.1135,425.0,0.0565,125.0,18
M,0.12,0.04,0.0415,0.31,33.0,0.06,11
F,494.0,155.0,0.1945,465.0,103.0,0.13,18
F,0.4765,0.16,192.0,465.0,0.1125,0.12,10
M,0.2145,0.06,0.1,0.35,0.0465,85.0,13
I,595.0,0.26,0.2105,0.52,142.0,0.16,15
F,0.4805,0.1475,0.1905,475.0,114.0,0.13,12
F,321.0,95.0,0.1255,0.41,0.0655,0.11,10
M,96.0,0.03,44.0,0.26,27.0,65.0,6
I,0.9315,0.26,358.0,575.0,0.2145,0.17,13
I,782.0,285.0,0.2715,565.0,168.0,155.0,14
M,0.0945,0.03,0.0445,0.26,0.02,75.0,6
F,0.6695,0.18,289.0,0.53,151.0,125.0,10
M,213.0,0.07,81.0,0.34,34.0,95.0,9
I,525.0,185.0,0.1775,0.52,115.0,0.14,11
F,1312.0,485.0,529.0,635.0,0.2485,0.18,18
F,1087.0,0.38,0.4255,0.61,232.0,165.0,11
F,1523.0,555.0,0.54,0.66,0.3365,0.18,16
I,1319.0,0.49,0.5485,635.0,292.0,0.18,16
F,579.0,0.22,208.0,465.0,0.1095,135.0,14
M,0.8175,0.3,0.2515,515.0,156.0,0.16,23
I,0.17,55.0,62.0,335.0,39.0,95.0,9
F,796.0,0.28,258.0,515.0,0.1755,0.17,16
F,197.0,0.06,71.0,345.0,51.0,0.1,9
M,0.5255,145.0,0.2025,465.0,135.0,125.0,13
M,879.0,255.0,339.0,0.54,208.0,0.17,10
M,0.4625,145.0,186.0,475.0,107.0,125.0,9
F,0.4565,0.14,0.1785,445.0,114.0,0.14,11
M,528.0,0.14,0.2125,0.5,149.0,0.14,9
M,0.5835,0.18,0.2295,0.5,0.1265,135.0,12
F,884.0,0.28,0.2875,0.55,0.1645,0.17,14
I,96.0,0.03,36.0,275.0,0.0185,0.08,6
F,0.1855,0.06,0.0745,0.35,0.0415,0.09,7
F,0.27,0.0835,0.1125,0.37,0.0585,105.0,9
F,463.0,145.0,186.0,0.42,0.11,125.0,10
M,198.0,0.06,0.0725,0.35,56.0,0.09,10
M,282.0,96.0,0.0975,395.0,65.0,105.0,9
I,0.0995,32.0,0.0395,325.0,0.0225,0.08,8
I,92.0,27.0,0.0385,275.0,0.0235,65.0,5
I,0.0625,22.0,23.0,235.0,14.0,65.0,6
I,73.0,0.0225,28.0,0.25,17.0,0.06,5
I,71.0,0.0225,27.0,0.25,0.0185,65.0,5
I,36.0,11.0,0.0125,0.2,8.0,0.05,4
F,1099.0,358.0,0.3975,585.0,0.2325,0.17,20
M,0.5905,0.19,0.2025,445.0,158.0,0.14,14
F,768.0,0.27,0.2625,0.5,95.0,0.13,13
M,413.0,0.13,144.0,0.44,0.1015,0.08,8
M,0.8505,315.0,312.0,515.0,146.0,0.14,17
F,0.6915,215.0,276.0,0.52,137.0,0.14,11
M,709.0,0.18,275.0,0.5,168.0,0.13,11
M,0.3755,105.0,142.0,425.0,0.1065,0.12,9
M,0.8185,235.0,0.3025,0.51,0.2155,0.14,16
F,227.0,0.07,93.0,0.37,0.0625,0.08,8
M,0.8245,0.24,272.0,0.54,226.0,0.13,13
M,1.1825,0.24,474.0,615.0,0.2895,0.17,11
M,1122.0,375.0,393.0,565.0,0.2,175.0,20
M,1.6115,385.0,0.6745,645.0,384.0,175.0,14
F,1.2985,0.32,0.5135,615.0,343.0,175.0,14
M,1.3,0.31,517.0,605.0,0.3285,145.0,14
F,1161.0,0.28,0.38,0.59,0.2455,165.0,12
M,1489.0,0.38,0.5915,645.0,312.0,155.0,18
M,1008.0,0.34,377.0,0.57,193.0,155.0,13
F,441.0,135.0,0.1525,0.47,0.1165,0.18,8
F,742.0,0.2115,0.2025,0.5,0.2005,155.0,14
F,0.7,0.24,207.0,0.52,0.1905,145.0,13
M,271.0,0.08,0.11,0.39,0.06,95.0,8
M,0.8565,0.21,0.2745,0.52,201.0,165.0,12
F,0.8975,275.0,275.0,0.54,241.0,175.0,14
M,0.6105,235.0,0.1955,0.46,107.0,135.0,14
I,0.1925,65.0,77.0,355.0,38.0,0.09,8
F,0.6635,0.2515,0.21,0.49,0.1295,145.0,13
F,1235.0,0.3065,0.5115,0.63,349.0,185.0,11
M,0.7615,204.0,246.0,0.5,195.0,145.0,14
M,592.0,0.1835,242.0,0.49,96.0,135.0,15
M,0.39,113.0,163.0,0.44,87.0,115.0,7
F,0.7565,0.3205,0.1905,515.0,0.17,165.0,10
F,0.57,187.0,167.0,475.0,118.0,145.0,11
I,0.2865,85.0,115.0,0.42,0.0735,0.1,8
M,0.2935,105.0,96.0,0.4,0.0675,0.13,9
M,567.0,225.0,174.0,0.45,0.1245,0.16,12
F,0.6245,0.17,215.0,0.52,0.2065,0.13,15
M,0.8415,285.0,0.2715,505.0,0.1775,155.0,12
M,0.7775,0.25,0.2015,495.0,0.18,0.14,15
M,989.0,355.0,0.2815,0.54,213.0,145.0,19
F,0.6905,0.2,219.0,0.48,155.0,125.0,12
F,0.2,0.07,0.0625,0.33,0.05,0.08,9
I,109.0,33.0,44.0,285.0,0.0265,0.07,5
I,127.0,0.0345,52.0,0.3,0.03,75.0,6
I,0.2885,83.0,118.0,0.31,65.0,105.0,6
I,0.18,0.0525,0.0745,0.34,0.04,75.0,6
I,144.0,44.0,59.0,375.0,0.03,75.0,7
I,0.4665,114.0,0.2285,415.0,0.1065,0.1,7
I,0.33,95.0,0.1405,415.0,0.0705,105.0,6
I,0.3625,93.0,175.0,415.0,0.0835,0.09,6
I,0.34,0.0945,0.1745,0.42,0.05,0.1,8
I,365.0,105.0,159.0,425.0,0.0825,105.0,6
M,0.5,0.1505,0.21,465.0,113.0,0.11,8
F,0.6265,175.0,259.0,465.0,0.1445,135.0,8
I,0.5555,163.0,0.25,0.47,115.0,0.11,8
F,0.6015,135.0,0.2765,0.47,0.1455,0.12,8
I,0.53,0.1625,0.2505,475.0,0.0975,0.12,10
M,0.6315,161.0,0.3445,0.48,0.1015,135.0,7
M,0.7715,211.0,0.37,0.5,0.16,0.13,8
I,0.6125,172.0,267.0,505.0,142.0,185.0,7
M,872.0,199.0,0.4625,525.0,0.1725,0.19,9
M,0.8115,0.2235,392.0,0.54,0.1455,0.12,9
M,0.8795,0.2625,387.0,545.0,0.15,0.15,11
F,983.0,0.2485,0.4475,565.0,0.2355,0.15,9
M,1145.0,325.0,0.48,0.58,277.0,0.18,11
M,1.09,292.0,0.5,0.59,0.2215,0.16,9
M,1262.0,335.0,0.5685,0.59,0.2725,0.16,9
M,1185.0,361.0,482.0,595.0,0.2015,185.0,10
F,1.4405,0.3175,0.5885,0.6,191.0,135.0,9
F,1332.0,0.35,0.6235,0.6,0.2835,155.0,8
F,1.1405,288.0,587.0,0.6,0.2175,165.0,9
M,1201.0,309.0,0.5395,605.0,275.0,175.0,10
F,1.33,0.33,0.6675,625.0,259.0,155.0,10
M,1362.0,384.0,0.5785,0.63,0.3125,185.0,10
M,1647.0,471.0,0.7225,0.64,331.0,195.0,12
F,1.4995,431.0,593.0,0.64,314.0,0.18,11
F,1.6225,513.0,0.6555,655.0,299.0,165.0,12
I,1786.0,0.4065,0.6725,0.66,0.3615,215.0,11
M,1791.0,0.54,733.0,0.66,318.0,0.2,15
F,1925.0,0.4535,713.0,675.0,358.0,205.0,13
F,1689.0,474.0,694.0,675.0,371.0,175.0,13
F,1659.0,0.4395,0.8715,0.69,0.2655,0.18,9
F,2.0475,0.6095,0.75,695.0,0.4195,0.2,14
F,1.6015,0.43,707.0,0.7,365.0,0.19,10
F,2.0165,435.0,1.0685,0.73,418.0,165.0,10
I,0.04,13.0,0.02,205.0,11.0,65.0,4
I,0.0565,16.0,24.0,225.0,13.0,0.07,4
I,64.0,0.02,0.0215,0.23,0.0135,0.05,5
I,0.0875,0.0255,0.0345,275.0,22.0,0.07,4
I,106.0,31.0,0.0415,0.28,0.0265,55.0,5
I,0.1315,0.03,66.0,0.28,24.0,0.08,5
I,126.0,35.0,0.0515,295.0,0.0275,0.07,6
I,155.0,0.0365,65.0,0.31,37.0,75.0,6
I,149.0,47.0,58.0,315.0,0.0325,0.07,7
I,185.0,0.07,0.0625,0.34,0.0395,0.07,7
I,0.2545,0.07,108.0,0.37,0.0565,0.08,6
I,237.0,0.07,115.0,0.38,0.0405,85.0,6
I,279.0,0.08,0.1155,0.39,59.0,0.1,7
I,0.3205,88.0,0.1575,405.0,66.0,65.0,6
I,0.3335,95.0,0.1445,415.0,0.0715,0.1,7
I,0.3885,111.0,175.0,0.44,0.0835,0.11,7
I,545.0,0.1305,269.0,0.44,111.0,115.0,6
I,0.4165,0.11,185.0,0.44,0.0865,0.1,6
I,495.0,125.0,231.0,0.44,0.11,0.12,7
I,0.4775,118.0,0.2235,0.45,89.0,125.0,6
I,468.0,0.1325,0.2005,0.45,0.1065,0.12,8
F,0.4555,0.1375,0.1945,455.0,0.1045,0.12,7
F,0.46,0.1165,0.2025,0.46,0.1115,115.0,6
I,0.4155,107.0,198.0,0.46,0.0885,0.12,7
I,0.4215,111.0,0.1895,0.46,102.0,115.0,6
I,474.0,0.12,0.23,465.0,0.1005,0.11,7
M,486.0,0.1225,231.0,465.0,0.1035,105.0,9
I,0.5735,136.0,311.0,475.0,0.1025,0.11,7
I,468.0,0.12,201.0,475.0,0.1115,105.0,8
M,0.5135,135.0,243.0,0.48,0.1015,0.1,8
M,0.6215,0.1485,274.0,0.5,166.0,145.0,7
I,494.0,0.1325,218.0,0.5,0.09,0.11,7
I,0.6005,185.0,239.0,505.0,142.0,0.12,7
M,646.0,172.0,285.0,515.0,0.1365,0.12,9
M,0.7945,202.0,394.0,525.0,189.0,135.0,7
M,812.0,195.0,0.4035,525.0,0.1705,125.0,8
F,828.0,0.1505,0.41,0.53,208.0,0.17,6
M,681.0,0.1835,0.3095,0.53,0.1415,0.14,6
F,889.0,215.0,0.4055,0.53,0.2275,0.15,8
M,0.7345,213.0,0.33,0.54,0.1595,0.14,9
F,964.0,215.0,0.5475,0.55,159.0,125.0,8
F,963.0,0.24,0.44,555.0,224.0,0.14,7
F,995.0,0.2505,504.0,0.57,185.0,0.15,9
F,0.8585,0.2295,0.3905,0.57,196.0,0.14,8
M,948.0,259.0,429.0,575.0,206.0,155.0,7
F,888.0,0.2425,0.41,0.58,0.1815,145.0,8
F,0.9045,0.2335,405.0,585.0,0.2215,0.16,8
M,1046.0,263.0,0.4695,0.59,263.0,0.14,7
F,1.1775,0.31,542.0,595.0,269.0,155.0,9
F,1.0765,287.0,491.0,595.0,0.22,0.15,9
F,1.0255,289.0,412.0,595.0,0.2745,0.15,11
F,0.9325,248.0,0.3985,0.6,0.2245,145.0,8
F,1235.0,0.29,0.6025,0.6,274.0,0.15,8
M,1247.0,0.29,0.5335,0.6,0.2735,0.15,9
M,1.1495,264.0,564.0,0.61,274.0,0.15,8
F,1.1575,315.0,0.5005,615.0,0.2495,0.16,10
F,1327.0,355.0,0.6,615.0,0.3015,165.0,10
M,1.2,292.0,0.5085,615.0,0.32,155.0,8
F,1.2705,0.3225,0.5415,0.62,323.0,175.0,9
F,1.2155,345.0,545.0,0.62,253.0,175.0,10
F,1.3245,0.3275,0.6865,0.62,233.0,0.16,9
M,1.3555,0.3385,671.0,625.0,268.0,0.17,10
F,1127.0,0.3185,477.0,625.0,0.2365,165.0,9
F,1.1075,0.3595,0.4485,625.0,0.2165,175.0,8
F,1.4255,0.38,659.0,0.63,336.0,0.2,11
F,1147.0,0.2885,0.5455,0.63,266.0,145.0,9
M,1286.0,0.35,604.0,0.63,271.0,165.0,8
F,1596.0,0.37,617.0,635.0,317.0,0.18,11
F,1297.0,0.37,556.0,635.0,0.2985,195.0,11
M,1251.0,0.3165,0.5355,645.0,0.3345,0.16,9
M,1.5105,0.3775,0.6735,645.0,0.3755,175.0,12
F,1.4415,341.0,741.0,0.65,0.2955,185.0,9
M,1.6385,391.0,0.8115,0.67,369.0,0.19,9
F,1933.0,498.0,0.7855,0.69,429.0,205.0,13
M,1.71,0.4325,0.7725,0.69,0.3855,185.0,8
F,1.8495,0.4175,767.0,695.0,442.0,155.0,10
M,1742.0,505.0,696.0,695.0,389.0,175.0,12
F,1.7975,0.5165,0.7295,0.7,0.3935,205.0,13
F,2381.0,624.0,0.9915,705.0,0.5005,205.0,10
M,2398.0,0.5335,1128.0,765.0,512.0,0.18,12
M,2.1945,584.0,1.0515,0.77,482.0,215.0,10
I,49.0,15.0,0.0215,0.22,0.01,0.05,4
I,0.1055,0.0315,495.0,275.0,19.0,0.07,5
I,0.1045,35.0,0.0415,0.29,22.0,0.06,5
I,163.0,48.0,0.0745,0.33,33.0,75.0,6
I,0.2275,0.0715,0.0955,355.0,0.0475,95.0,6
I,219.0,75.0,0.0925,375.0,38.0,0.1,6
I,0.3645,95.0,0.1765,415.0,0.0795,0.1,8
I,0.3265,103.0,0.1315,425.0,77.0,115.0,6
I,0.3515,94.0,0.1625,425.0,82.0,0.1,7
I,0.3465,0.09,0.1635,0.43,0.08,0.1,7
I,407.0,103.0,209.0,0.44,0.0735,0.1,7
I,0.4215,113.0,173.0,0.44,0.0765,115.0,7
I,0.3755,125.0,0.1525,0.46,58.0,0.11,7
I,0.5335,0.1345,0.2645,0.46,108.0,0.12,6
I,442.0,0.1185,0.2085,465.0,0.0975,105.0,7
I,0.1315,123.0,0.2025,475.0,0.0875,0.1,7
I,0.5205,0.1455,233.0,475.0,119.0,115.0,7
I,0.5535,157.0,266.0,485.0,112.0,0.13,8
I,0.5445,0.13,279.0,0.49,115.0,125.0,8
M,554.0,0.15,0.2935,0.49,0.1005,0.11,8
I,512.0,136.0,233.0,495.0,0.1205,0.12,7
I,583.0,0.1605,294.0,0.5,132.0,125.0,8
M,0.5765,145.0,273.0,0.5,135.0,0.12,9
M,723.0,178.0,377.0,505.0,149.0,135.0,7
I,0.5395,167.0,0.2465,0.51,0.1085,155.0,8
I,625.0,0.1725,0.3095,0.51,119.0,0.15,8
I,0.5925,168.0,265.0,515.0,0.1175,125.0,9
I,633.0,175.0,0.2985,0.52,0.1295,135.0,9
F,832.0,201.0,0.4355,545.0,0.17,0.14,9
M,778.0,205.0,0.3745,545.0,0.1545,145.0,7
M,0.7865,0.17,403.0,545.0,185.0,0.12,7
F,778.0,0.18,368.0,545.0,215.0,0.14,9
I,636.0,0.1755,294.0,0.55,144.0,0.13,8
F,0.8435,185.0,434.0,0.55,0.1995,135.0,8
I,648.0,0.2105,0.2835,555.0,133.0,0.13,8
M,784.0,213.0,0.3495,565.0,0.1885,0.13,9
F,908.0,255.0,0.4015,0.57,217.0,0.18,9
M,1.02,0.25,546.0,0.57,204.0,135.0,9
F,811.0,0.2285,0.3875,0.57,159.0,0.16,9
F,897.0,248.0,0.4235,575.0,0.1905,0.15,8
M,852.0,225.0,0.41,0.58,0.1725,0.13,8
F,938.0,225.0,467.0,585.0,203.0,0.15,7
F,0.6955,0.2245,0.3085,585.0,129.0,0.14,8
M,861.0,249.0,413.0,0.59,164.0,0.15,8
M,1004.0,0.26,496.0,0.59,0.2165,0.14,9
F,1.0115,0.2565,445.0,0.59,0.2615,0.16,8
F,1.1005,265.0,0.5415,595.0,166.0,0.15,8
M,1108.0,0.3345,0.4915,595.0,0.2325,165.0,9
M,852.0,227.0,0.4215,595.0,0.2255,0.14,9
M,1.9875,491.0,1005.0,0.6,419.0,0.21,10
F,1079.0,293.0,0.4505,605.0,0.2835,0.15,10
F,1055.0,0.2345,543.0,615.0,246.0,0.17,9
M,1198.0,0.2505,707.0,615.0,0.2095,0.15,7
F,1084.0,246.0,0.5885,615.0,209.0,155.0,9
M,1103.0,0.2725,0.4635,615.0,0.3095,175.0,10
M,1.1,0.31,505.0,0.62,0.2475,155.0,9
M,1.1015,305.0,0.4965,0.62,243.0,0.15,10
M,1.3835,345.0,0.7105,625.0,0.3005,185.0,11
F,1115.0,0.3095,484.0,625.0,277.0,155.0,9
M,1085.0,327.0,0.4645,625.0,0.2445,145.0,10
M,1.3165,0.37,0.6325,0.63,0.2465,0.15,11
M,1.3415,375.0,0.6575,0.63,262.0,175.0,10
M,1027.0,176.0,537.0,0.63,188.0,0.15,8
M,1.1845,335.0,506.0,645.0,311.0,0.16,9
M,1192.0,285.0,0.6055,645.0,0.2595,0.15,9
F,1285.0,317.0,0.5775,645.0,352.0,0.18,9
M,1.1805,0.3275,0.5235,0.65,283.0,125.0,9
M,1.2655,336.0,615.0,0.65,0.2775,175.0,9
F,1.2895,344.0,0.6095,0.65,0.2765,175.0,10
M,1407.0,335.0,0.7215,0.65,298.0,155.0,9
F,1122.0,0.3055,545.0,0.65,228.0,155.0,9
M,1.4465,0.3755,694.0,0.66,298.0,165.0,10
F,1349.0,0.36,0.5985,665.0,0.3175,165.0,9
M,1269.0,351.0,576.0,0.67,0.2985,0.2,11
M,1.68,0.3935,926.0,0.67,0.2975,0.18,13
F,1551.0,412.0,0.7105,675.0,0.3685,0.19,13
M,1.4775,406.0,724.0,0.68,279.0,165.0,11
M,1529.0,0.4025,0.7635,0.68,0.3115,0.18,11
M,1.7585,0.47,0.8745,0.7,0.3615,175.0,10
M,1523.0,0.4405,693.0,0.7,306.0,0.2,13
F,1.7315,405.0,0.83,725.0,398.0,0.19,11
M,1.51,0.5085,0.8735,725.0,0.4265,0.2,9
M,1.88,488.0,0.9095,735.0,387.0,175.0,11
F,2012.0,471.0,0.8915,0.74,0.5265,0.22,12
M,2201.0,0.5285,1.0615,0.75,0.5235,215.0,11
I,0.0315,0.0105,0.0125,0.19,5.0,0.03,3
I,0.04,0.0105,0.0135,0.21,8.0,45.0,4
I,0.0635,0.02,0.0275,0.25,8.0,0.06,4
I,0.0985,31.0,0.0425,0.29,21.0,65.0,5
I,167.0,0.0575,0.0675,335.0,0.0325,0.08,6
I,0.2015,53.0,0.1005,0.34,38.0,85.0,6
I,183.0,0.06,75.0,345.0,0.0385,95.0,6
I,187.0,58.0,78.0,355.0,0.0505,0.08,7
I,0.1795,0.06,74.0,0.36,0.0315,0.08,5
I,0.2065,58.0,96.0,0.37,0.0395,0.09,7
I,0.3,0.0825,0.14,375.0,0.0625,0.14,8
I,0.2295,66.0,95.0,375.0,0.0545,95.0,7
I,343.0,81.0,0.1705,385.0,0.0735,125.0,7
I,244.0,68.0,0.1215,385.0,0.0445,85.0,8
I,0.3075,0.09,149.0,395.0,0.0535,0.1,8
I,0.3415,0.0865,176.0,0.4,0.0625,0.1,7
I,271.0,91.0,0.0965,405.0,61.0,0.1,7
I,0.91,0.0995,416.0,405.0,0.2075,0.11,8
I,268.0,85.0,0.1145,405.0,53.0,0.1,7
I,0.2885,0.0765,138.0,405.0,0.0635,0.09,6
I,0.3,0.1,124.0,0.41,0.0575,0.1,8
I,326.0,101.0,0.1325,0.41,75.0,0.11,8
I,358.0,105.0,169.0,415.0,67.0,0.1,7
I,314.0,0.1,0.1295,0.42,0.0635,115.0,8
I,0.4025,0.1015,0.1855,0.42,83.0,0.11,8
I,0.3645,105.0,159.0,0.43,0.0855,0.11,7
I,0.4235,0.14,182.0,445.0,0.0765,0.11,9
M,0.4305,0.1155,0.2235,0.45,0.0785,115.0,8
I,0.3505,0.1185,0.1615,0.45,0.0625,95.0,7
I,486.0,0.1315,261.0,455.0,0.0655,115.0,8
I,471.0,123.0,252.0,0.46,77.0,0.1,8
I,415.0,0.11,187.0,0.46,87.0,105.0,8
I,0.5195,0.1325,279.0,475.0,88.0,115.0,7
M,0.5895,172.0,0.2535,0.48,128.0,0.12,11
I,0.5215,0.16,0.2215,485.0,118.0,125.0,8
I,0.4475,0.2305,0.1895,485.0,0.0925,0.14,8
I,0.5585,0.1615,252.0,0.49,126.0,125.0,10
I,596.0,0.21,245.0,505.0,97.0,125.0,9
I,0.5385,165.0,0.2645,505.0,95.0,135.0,9
I,0.7665,0.1805,0.3985,0.51,0.14,145.0,8
F,516.0,162.0,0.2015,515.0,132.0,135.0,9
M,0.7355,0.2,0.3065,515.0,137.0,0.14,7
I,531.0,0.1615,0.2415,515.0,98.0,0.11,8
I,607.0,195.0,0.2355,525.0,125.0,0.13,8
F,0.7055,199.0,329.0,525.0,147.0,0.15,10
I,0.6445,0.2,345.0,525.0,0.1285,0.13,8
I,0.6315,0.19,0.3045,525.0,114.0,0.12,9
M,0.7845,245.0,0.3285,535.0,169.0,155.0,10
F,0.9475,275.0,366.0,545.0,239.0,0.15,8
I,712.0,225.0,0.3025,0.55,152.0,145.0,10
I,0.89,236.0,0.4325,0.55,171.0,145.0,10
I,912.0,205.0,495.0,0.55,0.1805,155.0,9
I,656.0,203.0,257.0,0.55,0.17,135.0,10
I,936.0,0.2435,481.0,0.55,174.0,0.15,9
I,0.6975,0.24,262.0,555.0,0.1575,145.0,11
F,1.1465,0.2785,551.0,555.0,244.0,175.0,8
I,825.0,245.0,402.0,0.56,139.0,0.14,10
I,0.72,251.0,329.0,0.56,103.0,135.0,11
I,0.8215,0.29,332.0,565.0,0.1685,0.15,11
F,1017.0,265.0,0.5265,0.57,0.2025,155.0,10
F,0.8975,0.23,0.4115,575.0,0.2325,155.0,9
M,1.2255,0.3265,0.5405,0.58,0.2705,175.0,10
F,0.9865,0.25,0.47,0.58,0.2155,145.0,11
F,844.0,0.2705,0.3645,0.58,185.0,0.15,9
I,0.8465,295.0,339.0,585.0,167.0,145.0,10
M,885.0,274.0,0.4025,585.0,0.1625,165.0,10
I,0.6735,0.22,0.2895,585.0,0.1345,145.0,9
F,0.8755,225.0,411.0,585.0,0.2065,0.13,8
M,0.9235,254.0,0.4545,0.59,173.0,145.0,9
M,977.0,275.0,0.4625,0.59,0.2025,0.14,10
M,1.0305,278.0,0.4925,595.0,217.0,0.14,10
M,1.05,0.28,457.0,0.6,0.2685,0.09,8
M,1.1145,367.0,0.5055,0.6,0.2635,185.0,11
M,877.0,0.24,0.4325,0.6,155.0,145.0,9
M,1285.0,315.0,0.6095,0.6,0.2745,185.0,9
M,1.3065,0.29,0.6895,0.61,0.2915,185.0,10
F,0.8725,272.0,389.0,0.61,0.1715,0.13,11
F,1.0265,0.2745,0.4935,615.0,201.0,0.15,10
F,1.1605,307.0,0.6005,0.62,0.2195,0.14,9
F,1.0125,324.0,0.5325,0.62,0.4365,165.0,10
M,1096.0,295.0,0.5445,625.0,0.2165,0.14,10
M,1205.0,0.3465,0.5175,625.0,0.3105,165.0,10
M,1221.0,0.34,555.0,0.63,252.0,175.0,12
F,1.0005,265.0,452.0,0.63,252.0,155.0,10
M,1.1355,0.3115,539.0,0.63,0.2325,0.15,12
M,1.3135,465.0,0.4935,0.63,0.2565,195.0,10
M,1.1955,346.0,0.5565,0.64,211.0,155.0,11
M,1098.0,0.3175,0.5195,0.64,222.0,0.15,10
M,1139.0,285.0,0.5395,0.64,282.0,0.17,10
F,1.2265,0.2875,0.49,0.64,377.0,0.17,11
M,1042.0,175.0,515.0,0.64,0.1755,0.08,10
M,1368.0,365.0,0.6185,0.65,288.0,155.0,9
M,1446.0,0.45,0.6485,0.65,0.2705,175.0,12
F,1.4045,0.3745,0.6255,0.66,0.3375,0.19,9
F,1463.0,422.0,0.6525,0.66,0.2995,0.2,11
F,1711.0,475.0,0.8365,675.0,352.0,0.17,9
M,1.74,0.4865,0.7885,0.7,373.0,205.0,13
F,1757.0,461.0,0.8265,705.0,417.0,205.0,9
M,1601.0,0.45,706.0,0.71,321.0,0.2,11
M,2165.0,404.0,1.1055,0.72,525.0,205.0,10
M,2.3305,0.52,1253.0,725.0,541.0,0.19,9
I,0.0545,0.0155,0.0205,0.24,16.0,0.05,5
I,0.0725,21.0,0.0285,255.0,17.0,55.0,4
I,0.0925,26.0,38.0,275.0,21.0,55.0,4
I,183.0,42.0,98.0,0.32,0.0335,0.09,7
I,0.1525,43.0,72.0,325.0,0.0645,75.0,6
I,187.0,0.0425,0.0945,0.33,0.0395,75.0,7
I,232.0,56.0,0.12,0.36,0.0435,0.09,8
I,196.0,0.0585,85.0,375.0,42.0,95.0,5
I,0.2545,0.0675,119.0,375.0,0.0595,0.09,6
I,0.2625,77.0,117.0,0.39,54.0,0.09,7
I,362.0,0.1095,0.1575,0.45,0.0795,105.0,7
I,0.4445,0.1115,213.0,455.0,107.0,105.0,7
I,511.0,123.0,0.2365,0.46,118.0,115.0,7
I,589.0,0.1405,0.3075,495.0,0.1215,0.12,8
M,0.5945,0.1535,309.0,0.5,0.1085,0.13,9
I,529.0,0.16,0.2235,0.5,123.0,0.12,8
M,872.0,0.1985,0.4515,0.52,0.1615,105.0,9
I,0.77,0.1895,424.0,0.52,142.0,145.0,7
F,0.8435,0.1815,0.4325,525.0,0.18,135.0,9
M,818.0,189.0,402.0,535.0,0.1715,0.14,7
F,0.8035,0.21,0.38,0.54,0.1805,0.14,9
F,0.8115,0.2035,0.3875,0.54,0.1875,0.15,9
F,782.0,0.1965,0.3695,0.57,0.1745,0.13,8
M,0.8745,0.25,416.0,0.57,165.0,0.14,8
M,984.0,0.27,0.49,0.58,201.0,0.16,9
F,0.95,0.2325,484.0,0.58,182.0,135.0,8
M,1.1735,0.2595,0.6245,0.59,233.0,155.0,9
F,976.0,0.2765,465.0,0.59,0.2055,0.15,10
M,1.0785,0.31,0.4535,0.59,0.2435,155.0,9
M,1057.0,0.31,0.4255,595.0,224.0,0.16,9
M,1.11,285.0,0.5105,0.6,256.0,175.0,9
M,1142.0,307.0,539.0,0.6,225.0,0.16,10
M,1.1255,0.26,0.59,605.0,247.0,0.19,10
F,1.1045,287.0,535.0,0.62,0.25,0.17,10
M,1.3405,337.0,656.0,625.0,283.0,175.0,10
M,1082.0,0.25,0.5785,625.0,0.2045,0.13,8
F,1254.0,0.3485,591.0,625.0,259.0,0.16,9
M,1.2005,294.0,575.0,0.63,273.0,165.0,10
M,1243.0,0.3,623.0,0.63,275.0,0.16,10
F,1286.0,0.4105,526.0,635.0,295.0,185.0,12
F,1.1665,299.0,0.4935,645.0,0.3155,0.16,9
F,1144.0,319.0,0.5015,645.0,289.0,0.16,8
F,1385.0,405.0,0.8875,0.65,0.3095,0.19,11
F,1309.0,385.0,524.0,655.0,346.0,155.0,11
F,1527.0,331.0,0.8485,655.0,0.2635,0.17,11
M,1.6385,371.0,831.0,665.0,0.3575,0.19,11
M,1691.0,0.4755,768.0,695.0,363.0,195.0,11
F,1719.0,0.3875,0.8465,0.72,407.0,0.18,11
F,1.52,435.0,637.0,0.72,325.0,0.18,10
F,1613.0,0.4945,723.0,0.72,0.3255,0.17,12
M,2.2355,0.5315,1.1705,735.0,463.0,0.21,10
M,2.3235,505.0,1.1495,0.74,0.5115,0.19,11
I,0.1245,38.0,0.0505,0.31,0.0265,0.07,6
I,0.1285,0.0405,51.0,315.0,28.0,75.0,4
I,181.0,0.0495,88.0,0.32,34.0,0.08,5
I,0.1585,0.0455,75.0,325.0,0.0305,75.0,6
I,0.1965,56.0,0.0875,335.0,41.0,0.09,7
I,198.0,58.0,0.0805,0.37,0.0455,85.0,5
I,0.1855,65.0,0.07,0.37,0.0425,0.09,7
I,0.2145,72.0,0.0855,375.0,0.0485,85.0,7
I,0.3245,88.0,151.0,0.4,73.0,0.09,8
I,0.2625,0.09,0.1,0.41,0.0515,95.0,6
I,371.0,115.0,0.15,425.0,0.0865,0.1,8
I,298.0,115.0,109.0,435.0,58.0,95.0,7
I,336.0,0.0855,0.1555,445.0,0.09,0.09,7
I,447.0,0.16,161.0,0.46,87.0,0.14,9
F,0.4085,131.0,165.0,465.0,102.0,0.11,8
I,587.0,174.0,264.0,0.47,117.0,0.13,8
I,494.0,0.1545,211.0,475.0,109.0,0.11,8
I,614.0,161.0,0.2855,495.0,0.1365,0.12,8
I,0.5075,0.1755,0.2115,0.5,104.0,0.13,9
I,0.5445,152.0,249.0,0.5,0.1065,0.12,8
I,0.6115,0.2,245.0,505.0,0.1375,125.0,9
I,0.5605,0.17,0.2255,505.0,0.1435,125.0,8
M,521.0,0.15,0.25,505.0,96.0,115.0,8
I,0.5775,177.0,231.0,0.51,143.0,145.0,9
I,0.5935,204.0,239.0,0.51,0.13,125.0,8
I,597.0,0.16,0.2935,0.52,0.1155,0.11,8
M,0.9505,255.0,456.0,0.52,199.0,0.15,8
I,616.0,185.0,292.0,0.53,113.0,125.0,8
M,0.8315,0.2525,352.0,0.53,187.0,0.15,10
F,0.8725,0.24,417.0,535.0,199.0,125.0,8
I,0.8155,246.0,0.3675,0.54,0.1365,0.13,11
I,619.0,0.1765,0.2755,0.54,0.15,0.11,10
I,0.7595,0.2055,358.0,545.0,153.0,0.13,8
I,742.0,208.0,0.3525,545.0,158.0,0.15,10
I,804.0,244.0,0.34,0.55,194.0,165.0,8
I,664.0,0.21,0.2695,0.55,163.0,0.13,8
F,745.0,0.2265,347.0,0.55,174.0,0.14,9
I,728.0,0.2175,0.3355,0.56,0.1435,0.13,8
I,777.0,222.0,354.0,0.56,173.0,0.13,9
F,0.8765,228.0,455.0,575.0,0.18,0.15,8
I,0.9895,246.0,495.0,575.0,195.0,0.16,9
M,0.9655,0.23,498.0,575.0,0.19,165.0,8
M,0.9065,0.29,371.0,0.58,0.1965,0.15,8
M,1049.0,305.0,0.5205,0.58,0.1935,0.15,10
F,0.9705,248.0,0.4615,0.58,232.0,0.17,9
F,0.92,0.2895,393.0,0.58,212.0,0.15,9
M,0.9525,287.0,0.4315,0.58,0.1945,0.15,11
F,0.7855,195.0,363.0,0.58,0.1955,125.0,11
I,855.0,0.26,0.3795,585.0,187.0,135.0,9
M,1142.0,345.0,485.0,0.59,265.0,0.15,9
I,755.0,238.0,334.0,0.59,0.15,125.0,9
I,0.9745,259.0,0.4675,0.59,207.0,145.0,10
M,1.2015,265.0,492.0,595.0,0.3865,155.0,10
M,1.1295,265.0,0.57,595.0,0.2555,0.17,10
I,0.9205,253.0,445.0,0.6,0.2035,135.0,9
F,1056.0,0.3135,0.4575,0.6,0.2435,0.17,10
M,1.34,0.3605,617.0,0.6,0.3255,195.0,10
F,0.9625,0.2775,0.4375,0.6,0.2225,0.15,9
M,1.0475,315.0,465.0,0.6,0.2345,165.0,11
F,1.0915,335.0,0.4365,605.0,0.2715,0.17,13
M,1167.0,0.3745,457.0,605.0,0.29,0.18,9
I,0.9995,0.3,425.0,605.0,0.1985,155.0,10
I,1.0485,274.0,507.0,0.61,0.1955,155.0,11
F,1.2735,398.0,469.0,0.61,0.3315,195.0,12
M,1.0625,0.2915,516.0,0.61,225.0,0.14,11
I,1.1545,0.2915,0.5865,0.61,0.2385,0.16,11
F,1194.0,0.3165,559.0,615.0,259.0,175.0,11
F,1.1215,0.29,545.0,615.0,0.2305,135.0,9
M,0.9335,0.2615,382.0,615.0,247.0,0.15,10
F,1198.0,0.3185,0.5415,615.0,0.2865,165.0,10
F,0.9545,277.0,455.0,0.62,0.1865,0.15,9
M,1.3585,0.3745,0.5935,0.62,0.3365,195.0,10
M,1.2075,0.3525,531.0,625.0,281.0,175.0,11
M,1217.0,0.3115,667.0,625.0,0.2065,165.0,10
F,1217.0,355.0,0.5725,625.0,207.0,0.16,11
F,0.92,0.28,437.0,625.0,0.1735,145.0,10
M,0.8765,233.0,456.0,625.0,0.18,0.12,10
F,1.2615,0.3885,0.5505,0.63,277.0,165.0,10
M,1.2795,315.0,618.0,0.63,256.0,0.18,9
F,1167.0,0.34,548.0,0.63,0.2485,185.0,10
M,1.1885,348.0,0.4915,0.63,0.3065,0.17,7
F,1.3765,406.0,634.0,635.0,0.2885,0.19,11
M,1292.0,367.0,0.6,635.0,269.0,175.0,11
M,1.1795,355.0,0.4785,635.0,0.2775,0.18,10
F,1.29,352.0,593.0,635.0,0.3045,0.19,8
M,1.2075,345.0,0.5385,635.0,282.0,0.16,11
M,1297.0,363.0,0.59,0.64,0.3125,0.18,11
M,1.4585,0.4395,625.0,0.64,266.0,175.0,11
F,1151.0,293.0,0.5935,645.0,0.2315,0.15,12
F,1197.0,317.0,526.0,645.0,0.2925,0.17,11
M,1539.0,445.0,0.6115,645.0,408.0,0.19,12
M,1676.0,0.47,693.0,0.65,0.44,195.0,15
F,1.6645,0.43,753.0,0.65,367.0,0.2,12
F,1528.0,0.4535,0.6215,655.0,0.3725,205.0,11
F,1494.0,405.0,0.7255,655.0,309.0,0.2,12
F,1277.0,394.0,0.4975,0.66,319.0,0.16,13
F,1.5965,0.3605,0.7765,0.66,397.0,0.18,10
F,1.3805,325.0,675.0,665.0,0.2985,175.0,10
I,1.2565,386.0,0.5355,0.67,322.0,175.0,9
F,1527.0,0.44,0.5755,0.67,353.0,0.19,12
M,1.4005,387.0,715.0,0.67,0.3025,0.17,9
M,1.4405,425.0,0.6595,0.67,0.2675,195.0,9
M,1482.0,365.0,739.0,0.67,0.2925,175.0,10
M,1.2345,325.0,618.0,0.68,0.2625,0.16,11
F,1.3435,355.0,657.0,0.68,297.0,0.17,12
M,1533.0,0.41,667.0,685.0,0.4055,0.19,10
M,1.8445,341.0,0.9815,0.69,0.4655,0.18,13
M,1825.0,0.44,938.0,715.0,0.3805,175.0,11
M,2.0885,0.5305,0.9955,0.72,478.0,0.19,13
M,2087.0,625.0,909.0,735.0,474.0,205.0,12
M,1884.0,495.0,954.0,745.0,336.0,0.2,12
I,305.0,0.0885,0.14,0.32,67.0,95.0,6
I,0.4295,109.0,212.0,0.43,108.0,115.0,8
I,449.0,97.0,254.0,0.43,0.0825,0.1,6
M,1029.0,313.0,0.4235,485.0,0.2285,155.0,8
M,981.0,0.2505,465.0,0.49,0.2015,155.0,8
I,0.5745,141.0,306.0,0.5,112.0,115.0,7
F,693.0,0.1515,391.0,505.0,0.1195,0.13,8
F,1183.0,343.0,508.0,0.51,292.0,0.21,9
F,0.7905,177.0,0.4065,525.0,198.0,135.0,8
F,1224.0,0.2875,618.0,535.0,275.0,0.15,10
I,775.0,0.2055,368.0,535.0,208.0,135.0,8
M,1.2705,337.0,548.0,535.0,0.3265,175.0,13
M,1406.0,389.0,0.6115,555.0,342.0,0.19,10
M,873.0,0.1965,0.4625,555.0,0.1845,0.15,9
M,0.9415,0.1975,509.0,0.56,0.2015,135.0,9
F,1007.0,0.2925,0.4775,0.59,0.2105,0.14,9
M,1.0835,276.0,0.5305,595.0,231.0,0.15,8
I,0.9845,0.2725,0.4525,595.0,207.0,165.0,8
F,1.5245,0.41,653.0,595.0,396.0,0.21,11
M,1024.0,322.0,409.0,0.61,261.0,175.0,9
M,1281.0,0.33,597.0,0.61,0.3035,0.17,9
F,1148.0,0.3315,0.5475,0.62,0.22,0.17,10
F,1136.0,0.2925,0.5265,625.0,0.1915,0.11,9
F,1.2235,354.0,532.0,635.0,271.0,0.17,9
F,1.3695,363.0,634.0,635.0,318.0,0.18,11
M,1006.0,0.2835,456.0,0.64,0.2245,0.16,9
M,1307.0,266.0,678.0,0.64,292.0,165.0,11
M,1463.0,416.0,592.0,645.0,0.3905,185.0,10
F,1.2905,326.0,0.6205,655.0,0.2965,175.0,10
F,1.4265,0.37,0.6605,0.67,0.3395,0.17,11
M,1.7885,437.0,0.8345,0.68,408.0,0.21,13
M,1.6135,0.3685,0.75,0.7,0.4035,185.0,11
M,2.2305,563.0,1.2395,0.73,422.0,225.0,14
F,2.2635,726.0,821.0,0.75,423.0,205.0,12
I,74.0,0.02,0.0305,255.0,0.0165,65.0,4
I,0.2075,0.07,0.09,375.0,0.0415,0.08,6
I,237.0,0.08,106.0,375.0,0.0395,0.09,8
I,0.2665,84.0,0.1105,0.39,59.0,0.1,7
I,215.0,79.0,0.0845,0.39,34.0,0.09,8
I,253.0,75.0,0.1155,395.0,0.05,0.09,6
I,309.0,0.0945,115.0,0.42,0.0645,0.11,6
I,0.3535,0.1135,156.0,435.0,0.05,105.0,7
I,335.0,115.0,136.0,435.0,65.0,105.0,8
I,0.3875,0.12,0.1755,0.44,74.0,105.0,9
I,365.0,0.1245,0.14,0.45,0.0825,115.0,8
I,0.4045,0.1345,171.0,0.45,0.07,125.0,8
I,372.0,135.0,138.0,455.0,0.0765,105.0,9
I,0.3965,0.1455,0.1485,0.46,0.0855,0.11,8
I,0.5225,162.0,0.2265,0.47,104.0,125.0,8
I,456.0,0.16,182.0,475.0,99.0,0.11,9
I,0.44,0.15,177.0,495.0,95.0,0.1,7
I,507.0,0.15,241.0,495.0,103.0,115.0,8
I,0.5285,209.0,226.0,0.5,123.0,135.0,8
I,572.0,165.0,237.0,515.0,0.1435,125.0,7
I,0.6625,196.0,0.2775,0.52,0.1555,0.14,11
I,0.6445,186.0,0.3155,0.52,0.1245,115.0,11
I,0.6275,0.18,0.3015,525.0,126.0,0.11,8
I,0.6885,237.0,273.0,535.0,0.1515,145.0,9
M,0.6835,159.0,0.3125,535.0,0.1655,0.12,8
M,0.6855,0.38,293.0,0.54,163.0,0.19,10
I,0.6755,0.21,0.3015,0.55,0.1465,0.15,10
I,783.0,265.0,0.3045,0.55,157.0,145.0,11
M,894.0,264.0,0.3885,0.56,0.2095,145.0,9
I,768.0,0.2475,0.3305,565.0,0.1385,135.0,9
M,0.95,0.2845,0.4005,0.57,0.2235,145.0,10
F,871.0,0.2315,385.0,0.57,211.0,0.14,10
M,0.9785,276.0,0.4505,575.0,196.0,0.15,9
I,0.7425,0.22,0.2895,575.0,0.2005,0.13,8
M,737.0,237.0,325.0,575.0,0.1405,0.14,10
I,0.9175,0.24,0.45,575.0,0.1935,0.16,9
F,0.8785,0.2425,425.0,0.58,0.1685,155.0,10
M,1.1275,335.0,0.4925,585.0,262.0,175.0,11
M,0.9765,235.0,0.4525,0.59,0.2395,165.0,9
I,974.0,289.0,453.0,0.59,236.0,145.0,8
M,853.0,245.0,326.0,0.59,0.2615,0.15,9
M,991.0,0.5,382.0,595.0,0.2395,175.0,12
M,0.9125,289.0,0.4095,595.0,0.1825,0.14,9
F,921.0,0.2875,0.4005,595.0,0.2025,0.16,9
F,869.0,291.0,0.3425,0.6,195.0,0.14,11
M,0.8665,255.0,0.3695,0.6,0.1955,0.15,12
F,1089.0,384.0,469.0,0.61,198.0,0.16,11
M,0.9615,0.29,422.0,615.0,176.0,215.0,11
M,1145.0,343.0,0.4915,615.0,208.0,0.17,13
I,907.0,0.3075,371.0,0.62,167.0,0.16,11
F,1.1635,355.0,0.4875,625.0,259.0,155.0,11
M,1.1955,0.37,492.0,0.63,247.0,175.0,11
M,1.31,0.4695,495.0,0.63,295.0,0.18,10
F,1251.0,0.3825,577.0,635.0,227.0,165.0,11
F,1145.0,0.3155,0.4775,635.0,0.3035,155.0,9
M,1154.0,387.0,0.4405,635.0,0.2315,0.18,9
F,1.1335,0.3015,0.5525,0.64,0.2505,145.0,11
F,1.2015,0.3355,559.0,0.64,231.0,0.15,9
M,1.5595,395.0,695.0,0.65,0.3515,0.17,11
M,1.3165,364.0,0.6345,0.65,0.2605,175.0,12
M,1403.0,0.42,0.6955,655.0,0.2385,165.0,11
F,1204.0,0.3225,0.5455,655.0,0.2615,0.16,9
F,1.2895,0.3415,587.0,655.0,0.3165,0.17,11
F,1.5175,401.0,0.7765,0.66,302.0,0.18,10
M,1.3575,0.4485,0.5325,665.0,0.3045,155.0,10
M,1.3645,385.0,557.0,675.0,0.3405,145.0,11
F,1494.0,406.0,615.0,0.68,0.3935,185.0,11
F,1664.0,545.0,0.58,0.68,0.3855,195.0,11
M,1545.0,0.4055,686.0,685.0,0.3775,165.0,10
F,1.5855,471.0,667.0,695.0,334.0,0.2,11
F,1666.0,455.0,647.0,0.7,0.4285,0.22,11
M,1724.0,0.4625,566.0,0.71,0.4575,175.0,13
F,1908.0,0.5965,0.5415,0.73,0.3565,205.0,14
F,2073.0,0.48,1.0135,755.0,0.4655,0.2,11
I,0.0515,17.0,19.0,225.0,12.0,0.05,4
I,57.0,16.0,26.0,0.23,13.0,0.05,5
I,0.0925,25.0,39.0,255.0,21.0,0.06,6
I,204.0,0.0595,0.3045,355.0,46.0,75.0,7
I,0.3075,93.0,139.0,425.0,0.0745,95.0,7
I,262.0,0.0725,0.1235,425.0,67.0,85.0,8
M,458.0,0.1305,0.2,455.0,111.0,0.11,8
M,491.0,174.0,207.0,0.46,115.0,0.14,10
M,474.0,0.1545,197.0,495.0,0.1065,0.12,10
M,0.5805,188.0,244.0,0.51,0.1335,125.0,11
F,728.0,235.0,302.0,0.52,0.1575,0.15,11
M,622.0,184.0,0.2655,525.0,147.0,0.13,9
M,706.0,0.1345,0.3355,0.53,0.1635,0.12,9
F,0.5685,161.0,249.0,0.53,0.1375,115.0,9
M,0.9385,345.0,0.3685,545.0,0.1245,145.0,11
F,655.0,221.0,0.2635,0.55,122.0,0.15,8
M,0.9465,0.2505,0.4355,575.0,0.2605,0.15,9
M,0.9115,121.0,446.0,0.58,0.2075,125.0,10
M,942.0,277.0,0.43,595.0,182.0,145.0,11
M,1193.0,0.3055,0.5145,0.6,315.0,0.18,8
M,1461.0,439.0,0.5985,645.0,0.2425,0.18,11
M,1489.0,421.0,0.6065,0.66,0.3795,0.2,10
I,0.1115,32.0,53.0,0.29,0.0185,0.06,5
I,0.1235,0.0315,59.0,0.3,26.0,65.0,5
I,0.2815,68.0,0.1505,0.37,0.0505,0.1,5
I,226.0,0.0725,0.0975,375.0,0.04,0.08,7
I,0.2285,75.0,88.0,0.38,0.0465,85.0,7
I,0.2995,0.0895,0.1265,395.0,68.0,0.12,8
I,361.0,103.0,0.1605,0.41,0.0665,105.0,8
I,0.3045,94.0,0.1215,415.0,0.0735,115.0,7
I,0.3975,0.1175,0.1815,425.0,81.0,105.0,7
I,379.0,101.0,0.1725,0.44,0.0815,0.1,7
I,0.4995,0.1185,0.2965,0.44,0.0945,0.12,6
M,0.7775,0.1455,436.0,465.0,0.1715,135.0,10
F,0.4705,0.1385,0.1635,0.47,89.0,0.1,8
M,751.0,203.0,0.3295,0.51,0.1835,145.0,8
F,714.0,208.0,318.0,525.0,138.0,135.0,10
F,0.6995,223.0,0.3115,525.0,131.0,0.13,9
F,952.0,0.2185,0.4895,0.55,0.1945,0.14,7
M,0.8755,0.2315,0.44,0.56,0.1965,0.15,8
M,0.9215,0.2365,354.0,575.0,209.0,135.0,9
F,0.8285,236.0,362.0,575.0,0.1655,135.0,10
M,1206.0,323.0,581.0,585.0,216.0,0.15,10
M,1.2865,0.3245,435.0,615.0,293.0,155.0,11
F,1.1945,352.0,0.5105,0.62,271.0,155.0,9
F,1.1655,0.1625,536.0,0.63,0.2115,0.19,10
F,1.2155,0.3105,0.4625,0.63,0.2045,0.17,10
M,1.1735,316.0,526.0,0.67,285.0,165.0,11
M,1532.0,0.3815,0.74,675.0,357.0,0.16,11
F,1.5105,0.3725,0.7385,685.0,0.3525,0.17,10
F,0.5565,185.0,0.2215,485.0,0.1155,0.1,9
M,547.0,0.19,0.2165,0.46,0.1105,125.0,8
M,0.5165,185.0,0.1885,0.46,0.1145,125.0,9
M,764.0,265.0,312.0,535.0,0.1505,125.0,11
M,488.0,0.19,188.0,465.0,0.0845,105.0,10
M,0.6905,0.23,259.0,0.51,151.0,0.14,10
I,0.1835,65.0,78.0,335.0,24.0,0.09,11
M,0.97,0.48,0.2885,0.55,139.0,0.16,20
I,33.0,0.01,0.0145,0.18,7.0,0.08,5
I,59.0,0.0185,0.0265,215.0,0.0125,55.0,5
I,46.0,0.0065,21.0,0.2,7.0,0.04,4
F,1.3235,355.0,0.6075,625.0,0.3055,0.2,9
M,0.8465,245.0,336.0,0.55,0.2405,0.17,13
M,1047.0,315.0,0.4315,585.0,276.0,0.15,14
F,1.2785,345.0,0.5345,645.0,0.2995,0.18,13
F,1.8745,0.6855,0.6755,0.71,0.4065,195.0,12
F,1978.0,0.71,0.6675,0.7,0.3125,215.0,24
F,1367.0,396.0,0.5835,655.0,0.3515,165.0,10
F,1742.0,725.0,595.0,665.0,0.3025,175.0,21
F,513.0,0.13,232.0,0.47,142.0,105.0,11
M,0.4085,135.0,0.1755,425.0,92.0,0.1,9
M,0.56,175.0,0.2375,0.54,0.1065,0.13,7
M,635.0,175.0,0.29,505.0,0.1555,125.0,9
M,875.0,0.3,279.0,535.0,0.18,165.0,10
F,397.0,0.12,0.1575,0.43,89.0,0.09,9
M,806.0,215.0,0.3415,0.55,203.0,0.11,9
F,204.0,0.05,97.0,0.34,21.0,85.0,6
I,0.1165,35.0,0.0565,275.0,13.0,65.0,7
F,0.17,0.05,76.0,335.0,0.0365,0.07,6
M,1194.0,375.0,0.4445,0.64,238.0,0.14,15
F,765.0,245.0,0.33,0.55,0.2125,125.0,9
F,1151.0,0.3805,0.4365,0.64,281.0,0.19,13
F,0.6765,0.22,0.29,545.0,158.0,115.0,9
F,1571.0,475.0,627.0,0.64,271.0,175.0,18
M,1153.0,295.0,503.0,605.0,0.2505,155.0,15
M,1114.0,0.31,0.3925,605.0,291.0,115.0,15
M,0.9125,0.35,0.3595,0.56,271.0,155.0,10
F,872.0,285.0,0.3245,0.57,239.0,155.0,14
M,792.0,0.28,316.0,525.0,0.1455,0.16,13
F,606.0,0.18,239.0,505.0,0.1235,0.18,11
M,0.2265,65.0,0.0995,0.35,0.0575,0.09,6
M,0.3955,145.0,147.0,0.45,0.0765,0.12,9
I,0.61,235.0,229.0,0.51,131.0,0.12,11
F,539.0,165.0,229.0,0.49,0.1355,0.13,12
F,657.0,195.0,291.0,505.0,133.0,135.0,15
M,0.2505,0.0775,106.0,0.38,0.0535,0.1,8
I,102.0,34.0,45.0,0.27,0.0135,0.07,8
F,0.2685,0.0835,0.1165,0.37,56.0,0.1,7
M,551.0,206.0,0.2245,0.5,0.0715,135.0,11
M,1307.0,0.52,0.4335,645.0,262.0,165.0,10
M,0.9185,0.29,404.0,565.0,0.1785,115.0,11
F,1707.0,575.0,0.6995,0.67,387.0,175.0,13
F,0.8805,235.0,0.3645,0.59,234.0,0.15,11
F,0.4965,0.13,237.0,0.47,127.0,0.11,6
F,632.0,0.17,282.0,0.51,145.0,135.0,8
M,2.2695,665.0,0.8835,0.72,0.3985,0.23,16
M,0.9235,0.24,412.0,0.55,0.2135,0.15,7
I,0.0345,0.01,11.0,0.2,0.0075,25.0,5
M,1.3315,405.0,0.5665,0.65,347.0,0.18,13
F,0.72,0.2,0.3105,525.0,0.1915,115.0,14
M,1032.0,0.31,354.0,565.0,0.2045,185.0,20
F,1017.0,0.32,426.0,0.61,0.2255,0.16,12
F,0.98,0.38,0.2585,545.0,207.0,175.0,18
I,0.1495,45.0,0.0605,325.0,33.0,75.0,5
I,0.1515,0.05,56.0,0.31,0.0315,75.0,7
M,478.0,0.16,0.1865,0.45,115.0,0.14,11
F,578.0,0.18,0.2395,0.49,0.1255,155.0,9
F,0.6835,215.0,271.0,505.0,145.0,0.16,10
F,0.2725,0.08,0.1115,385.0,57.0,0.1,6
F,1511.0,0.51,0.5095,0.62,284.0,0.22,17
F,1.3035,0.41,501.0,635.0,295.0,185.0,17
F,1.3955,0.49,456.0,665.0,0.3205,185.0,15
M,0.1975,0.07,0.0795,335.0,0.0375,95.0,9
I,116.0,0.04,37.0,295.0,0.0295,75.0,8
I,523.0,175.0,0.2105,0.48,0.1045,125.0,15
I,0.1565,0.06,57.0,0.32,34.0,0.08,9
I,384.0,146.0,0.1375,0.43,61.0,125.0,14
M,1.0055,265.0,0.3785,565.0,244.0,0.14,12
F,1.1345,335.0,0.4535,0.6,0.27,165.0,10
F,1.0835,325.0,0.3745,585.0,326.0,0.17,14
F,868.0,0.21,0.33,555.0,243.0,0.14,13
F,1.0915,315.0,452.0,0.57,275.0,0.16,14
F,1271.0,0.37,531.0,0.62,0.3075,175.0,11
M,1.4985,545.0,0.4125,0.63,0.3075,0.19,16
M,388.0,125.0,149.0,425.0,87.0,0.12,10
F,1.2355,365.0,0.4435,0.64,0.3105,0.19,14
M,1402.0,465.0,483.0,675.0,0.3205,175.0,16
M,0.6025,0.21,216.0,0.5,138.0,145.0,11
M,0.2775,0.1,109.0,385.0,0.0515,0.09,9
M,973.0,355.0,0.2985,0.52,0.2135,195.0,18
M,753.0,255.0,258.0,0.52,171.0,175.0,8
M,1.3765,0.47,0.44,0.64,0.3075,0.2,16
I,375.0,115.0,0.1425,0.44,0.0965,0.12,9
F,0.4135,119.0,0.1645,0.42,106.0,0.13,10
F,0.56,145.0,231.0,0.45,137.0,135.0,13
I,0.3915,115.0,0.1575,0.42,0.1025,125.0,9
F,1.2765,0.4,0.4835,0.64,328.0,0.19,12
M,0.96,275.0,387.0,0.57,0.2385,0.15,11
M,0.3745,125.0,158.0,0.41,81.0,0.12,12
M,696.0,265.0,0.2405,485.0,0.1625,0.15,13
F,1.2955,365.0,0.5215,0.61,0.3225,0.19,12
F,1.2315,0.42,0.4525,0.59,238.0,205.0,13
M,1383.0,485.0,596.0,665.0,0.2565,155.0,14
I,0.2225,75.0,0.0865,345.0,58.0,0.1,8
M,1156.0,315.0,428.0,635.0,289.0,155.0,18
M,1477.0,0.43,0.6375,695.0,0.3025,0.15,14
F,1.5715,0.47,0.6935,0.69,318.0,185.0,15
M,858.0,0.29,377.0,555.0,0.1585,135.0,15
M,1.4995,395.0,0.6265,0.65,0.4005,0.19,14
M,1467.0,0.42,0.5825,635.0,303.0,0.19,15
F,1092.0,0.37,396.0,655.0,0.2825,0.16,14
F,1.8165,515.0,0.7785,0.69,0.4395,205.0,19
F,1.6365,0.44,694.0,695.0,0.3005,0.16,13
M,906.0,295.0,342.0,0.55,219.0,0.16,13
F,1213.0,365.0,464.0,0.61,306.0,0.19,15
M,1.06,275.0,402.0,595.0,0.28,165.0,11
M,161.0,0.05,0.0725,0.3,39.0,0.09,6
F,459.0,145.0,197.0,435.0,0.1145,125.0,9
I,533.0,185.0,233.0,455.0,106.0,125.0,8
M,0.6175,175.0,0.3,0.48,142.0,0.13,12
I,366.0,0.11,0.1705,0.43,0.0855,105.0,6
F,0.4195,0.13,194.0,435.0,0.1005,105.0,7
I,0.15,45.0,0.0605,0.3,42.0,75.0,5
F,0.8745,0.29,375.0,575.0,193.0,0.15,12
M,655.0,185.0,0.3185,505.0,0.15,0.11,9
M,484.0,165.0,0.2155,455.0,102.0,125.0,7
M,1.4435,0.39,0.6145,0.64,0.3035,165.0,18
F,0.8775,0.29,0.3345,0.56,0.2145,125.0,13
F,1.3105,0.37,0.58,645.0,288.0,0.19,12
F,1.2515,0.33,0.5035,595.0,0.2925,145.0,14
M,0.9085,0.29,398.0,565.0,197.0,115.0,17
F,1.1705,285.0,0.5405,655.0,0.3175,0.14,12
M,528.0,0.16,0.2,0.48,0.1395,135.0,14
F,0.6625,185.0,0.3005,495.0,0.1635,135.0,11
F,0.4335,0.12,0.2105,0.4,0.1205,115.0,10
M,0.3595,115.0,0.1415,0.41,0.0885,125.0,11
F,1107.0,0.31,402.0,595.0,0.2415,145.0,12
F,0.8595,0.24,0.3195,625.0,0.1775,0.13,13
M,0.7735,255.0,297.0,0.52,123.0,155.0,17
M,0.4365,145.0,169.0,465.0,0.1075,125.0,11
F,501.0,175.0,192.0,475.0,0.1175,0.14,13
F,0.6735,0.25,265.0,0.5,124.0,0.14,18
M,415.0,0.13,215.0,0.46,82.0,0.11,12
M,0.4775,0.17,0.2,485.0,0.0785,125.0,12
F,0.5555,215.0,213.0,465.0,0.1075,0.14,15
M,0.6445,0.22,0.26,525.0,0.1575,0.16,12
F,1428.0,565.0,493.0,655.0,318.0,0.19,18
M,1.6195,555.0,533.0,0.69,353.0,185.0,24
M,0.81,0.22,317.0,0.55,157.0,0.17,11
F,1.0385,305.0,414.0,0.58,0.26,165.0,13
F,0.9715,0.28,371.0,0.59,235.0,155.0,11
M,868.0,0.26,348.0,565.0,217.0,155.0,11
F,1522.0,405.0,0.6965,665.0,0.3025,185.0,13
F,1.1255,315.0,0.4985,0.62,227.0,175.0,14
M,0.7085,205.0,305.0,0.55,0.1455,0.13,12
F,1.0185,0.27,0.4695,605.0,225.0,145.0,15
M,0.72,225.0,275.0,535.0,164.0,0.16,15
F,0.6175,193.0,262.0,0.51,122.0,0.12,12
M,738.0,193.0,0.2845,0.53,0.17,0.13,9
F,597.0,178.0,0.2615,495.0,135.0,0.15,11
M,1156.0,295.0,0.5525,575.0,243.0,185.0,13
F,1.22,345.0,0.4905,0.63,0.3,0.16,14
M,0.7485,0.22,0.3345,0.59,0.1315,0.12,14
F,1.0735,0.33,437.0,605.0,205.0,165.0,14
M,1229.0,395.0,524.0,645.0,278.0,0.19,17
F,1146.0,0.39,477.0,0.62,0.23,175.0,13
M,1145.0,405.0,0.4325,605.0,0.27,175.0,16
F,1.1055,0.39,0.4445,615.0,227.0,205.0,16
F,1.67,0.49,0.6525,0.66,0.4875,0.19,11
F,1555.0,0.52,0.6465,0.71,0.3705,175.0,15
F,0.9285,265.0,302.0,565.0,0.1805,185.0,12
F,0.8085,0.22,0.3235,0.57,183.0,0.14,16
I,1057.0,355.0,383.0,0.6,216.0,175.0,16
I,0.2595,0.08,97.0,0.41,0.0515,115.0,10
F,438.0,0.11,0.1805,0.45,0.1165,135.0,9
M,99.0,0.03,37.0,275.0,24.0,0.08,5
I,0.5085,135.0,0.21,485.0,122.0,0.12,9
F,1166.0,355.0,483.0,0.62,238.0,165.0,13
F,507.0,155.0,0.1915,0.48,0.1365,135.0,12
F,0.6345,215.0,243.0,505.0,0.1335,0.15,17
M,314.0,0.1,138.0,0.4,57.0,0.11,11
I,0.4385,0.1125,184.0,0.45,108.0,115.0,11
M,195.0,0.0655,0.0745,0.35,41.0,0.09,9
M,451.0,184.0,171.0,0.44,0.0705,0.14,16
M,84.0,0.03,34.0,265.0,0.0105,65.0,7
M,0.0245,8.0,0.0095,165.0,0.0045,0.04,4
F,1.4685,0.52,0.4715,705.0,0.3235,0.2,19
F,0.7765,0.25,302.0,535.0,0.1565,155.0,16
I,0.5425,175.0,198.0,0.49,127.0,0.14,11
F,0.5885,0.1595,0.2475,0.48,0.1505,0.13,15
F,0.3375,98.0,0.1435,395.0,0.0755,105.0,12
I,0.2565,0.0725,0.1165,375.0,0.0585,0.1,12
M,163.0,0.0485,0.0615,345.0,37.0,0.09,10
I,0.8095,0.28,0.2985,0.55,0.2015,135.0,12
I,1.3655,425.0,0.6255,635.0,0.2595,0.2,16
I,967.0,275.0,0.3775,575.0,284.0,0.17,13
F,0.6855,225.0,0.2905,545.0,145.0,0.15,10
F,314.0,0.08,146.0,385.0,0.0555,125.0,10
F,0.7005,0.2,312.0,0.51,165.0,0.18,11
I,0.4895,0.2,0.1735,0.44,0.0875,125.0,13
I,0.45,145.0,191.0,0.45,0.0865,125.0,12
I,259.0,85.0,0.0955,0.39,38.0,105.0,8
F,382.0,0.14,0.1465,425.0,79.0,135.0,12
F,0.4435,145.0,185.0,0.45,0.09,125.0,11
I,1.6935,0.42,0.6025,0.66,0.4005,0.18,15
F,1.71,0.58,0.5415,685.0,309.0,175.0,16
F,0.8575,275.0,0.3465,585.0,0.1785,185.0,12
I,0.97,264.0,0.4285,0.54,0.22,145.0,17
F,0.59,0.1845,215.0,0.49,125.0,135.0,12
M,0.34,112.0,0.1315,0.43,85.0,95.0,14
F,385.0,0.1345,166.0,455.0,46.0,0.11,13
I,515.0,212.0,175.0,495.0,98.0,145.0,13
F,0.59,0.23,232.0,0.48,141.0,145.0,12
I,0.51,198.0,0.1615,0.47,73.0,0.16,14
M,0.3005,104.0,0.1215,415.0,0.0575,0.1,11
I,683.0,165.0,0.3265,0.49,0.1615,115.0,13
I,468.0,0.17,0.1665,0.47,108.0,105.0,10
I,0.4075,0.18,0.1365,445.0,0.0645,0.13,11
F,584.0,185.0,224.0,0.51,0.1355,0.13,13
F,829.0,205.0,0.3535,0.52,0.1685,145.0,15
I,0.4545,158.0,171.0,475.0,118.0,0.14,8
F,0.4385,125.0,206.0,455.0,98.0,0.11,10
I,407.0,0.13,0.1685,435.0,73.0,0.11,10
I,0.3085,85.0,0.1385,0.39,0.0735,0.1,6
I,239.0,0.07,105.0,375.0,0.0555,0.1,8
M,106.0,35.0,0.0415,285.0,23.0,75.0,5
I,1178.0,315.0,0.3935,0.58,0.2165,0.17,20
F,1073.0,335.0,0.4005,0.58,0.2345,175.0,19
M,306.0,0.09,121.0,0.41,0.0735,95.0,9
M,301.0,0.09,124.0,0.41,69.0,0.1,9
I,0.7585,0.19,307.0,0.54,0.2075,0.15,10
M,171.0,55.0,0.0655,0.33,0.0365,85.0,11
I,0.3625,0.12,134.0,0.44,82.0,115.0,11
M,0.0905,0.03,35.0,0.28,0.02,65.0,5
I,1.0885,375.0,0.3685,0.59,187.0,195.0,17
I,1097.0,335.0,0.4215,0.61,264.0,165.0,13
I,1278.0,0.37,0.41,0.61,257.0,0.17,17
M,0.44,135.0,169.0,455.0,0.1065,125.0,12
M,163.0,55.0,0.0615,0.33,34.0,0.09,10
I,522.0,195.0,0.17,0.44,0.0905,135.0,16
M,0.9715,0.29,0.3225,0.54,194.0,155.0,19
F,588.0,155.0,237.0,475.0,0.1715,125.0,10
F,0.5325,125.0,0.2085,0.46,0.1805,0.15,10
I,127.0,0.04,48.0,0.31,31.0,0.09,6
I,0.0815,31.0,28.0,255.0,16.0,0.07,5
M,0.1635,57.0,0.0615,335.0,0.0345,75.0,8
I,0.1,31.0,38.0,295.0,26.0,0.08,8
I,0.0265,9.0,9.0,0.19,5.0,45.0,5
M,0.9955,325.0,0.3245,545.0,0.2665,165.0,19
M,0.6605,0.19,0.2605,495.0,161.0,0.12,15
M,721.0,0.22,0.3055,0.5,0.1725,0.13,14
F,0.1485,45.0,0.0585,305.0,0.0335,0.07,7
F,487.0,125.0,194.0,475.0,0.1455,115.0,13
M,955.0,0.26,341.0,515.0,0.2535,125.0,13
M,873.0,0.31,0.3035,545.0,196.0,145.0,18
M,1.65,335.0,734.0,0.74,0.4505,185.0,13
M,1.1285,0.33,377.0,565.0,0.3525,0.15,16
M,1.1115,0.26,0.5035,0.56,0.2785,0.16,10
M,0.9745,305.0,353.0,545.0,174.0,125.0,13
M,1.4605,0.41,0.5835,645.0,0.3155,185.0,19
M,1.0105,0.32,368.0,575.0,222.0,0.13,10
M,1.0765,0.3,412.0,0.62,253.0,0.16,13
F,1.2225,385.0,357.0,605.0,202.0,165.0,13
M,1616.0,0.34,0.5495,605.0,332.0,0.16,18
F,559.0,0.1945,0.1955,475.0,0.1215,0.15,12
M,0.2205,0.07,0.0855,365.0,0.0515,85.0,9
F,0.44,0.13,0.19,0.46,0.1025,115.0,8
M,879.0,0.25,0.28,0.53,0.2165,135.0,10
M,0.6815,0.2495,0.2145,0.48,0.1405,0.15,18
M,0.5795,215.0,0.1685,455.0,125.0,0.15,13
I,209.0,75.0,66.0,0.35,59.0,0.11,9
M,224.0,75.0,0.0815,0.37,0.0575,105.0,8
I,0.1765,0.05,0.0785,0.34,0.0405,75.0,7
I,196.0,64.0,82.0,0.35,0.04,75.0,8
I,192.0,53.0,81.0,0.35,0.0465,0.08,6
I,0.3095,0.09,147.0,0.39,0.05,0.09,7
I,313.0,93.0,131.0,395.0,72.0,95.0,7
I,0.3595,0.0915,167.0,415.0,83.0,105.0,6
I,0.3855,0.1,192.0,0.43,0.0745,0.1,7
I,0.5785,184.0,0.25,0.48,106.0,115.0,8
M,674.0,185.0,0.3325,0.49,0.1235,0.12,9
F,0.5265,148.0,249.0,0.49,0.1005,105.0,7
F,1.0315,337.0,432.0,0.56,0.2025,0.16,9
M,0.9,218.0,472.0,0.56,182.0,0.14,7
M,1.0165,265.0,491.0,0.58,221.0,0.15,9
F,1.2495,371.0,0.4945,0.58,0.27,0.18,8
M,1.1685,0.28,539.0,0.59,279.0,135.0,8
F,1148.0,0.37,444.0,595.0,214.0,165.0,10
M,1089.0,292.0,0.5195,0.6,223.0,0.15,11
M,1.0325,0.2785,497.0,0.61,0.2175,155.0,9
F,1172.0,316.0,536.0,0.63,254.0,0.15,11
M,1.3715,409.0,567.0,0.64,307.0,0.17,10
F,1.5055,0.43,0.6565,0.65,341.0,185.0,10
M,1.9045,0.5,882.0,0.71,0.44,0.2,13
M,2.4925,0.5235,1.1455,0.74,575.0,0.2,13
I,0.0805,0.0215,0.0345,0.25,0.0185,65.0,4
I,111.0,0.03,0.0425,0.28,0.0285,65.0,6
I,152.0,45.0,65.0,325.0,0.0305,75.0,6
I,199.0,0.06,73.0,0.35,49.0,95.0,5
I,219.0,65.0,97.0,0.36,0.0405,0.09,6
I,0.2155,63.0,0.0915,365.0,0.0475,105.0,6
I,0.2565,0.0645,0.1255,0.37,0.0645,0.09,6
I,257.0,75.0,0.1045,375.0,62.0,0.09,7
I,0.2505,75.0,0.0945,0.38,0.0655,95.0,6
I,279.0,75.0,134.0,395.0,49.0,0.09,8
I,378.0,0.09,188.0,0.43,0.0785,105.0,6
I,456.0,131.0,0.21,0.44,0.0955,125.0,8
I,0.5055,0.14,234.0,465.0,0.11,0.1,7
F,0.4705,126.0,0.1955,465.0,118.0,115.0,7
M,643.0,135.0,349.0,0.48,0.1155,0.13,8
I,513.0,0.13,219.0,485.0,0.1075,0.1,7
F,569.0,145.0,256.0,0.49,0.1325,115.0,9
I,578.0,0.1645,0.2545,495.0,0.1305,145.0,8
I,596.0,151.0,0.3015,0.5,104.0,0.11,8
F,0.5725,146.0,0.2555,505.0,0.1325,0.12,8
M,0.6435,161.0,0.2885,0.52,157.0,0.12,7
M,0.8115,0.2,0.4035,0.52,166.0,125.0,7
F,0.7115,0.1915,0.3205,525.0,159.0,125.0,7
M,0.9155,0.25,0.3645,0.55,195.0,155.0,8
F,0.8815,0.2155,0.43,555.0,0.1975,145.0,8
F,931.0,225.0,0.4445,555.0,171.0,0.11,8
F,1065.0,0.2815,0.4985,575.0,0.2145,165.0,8
M,1.1385,0.31,502.0,0.6,0.2295,155.0,9
F,1234.0,315.0,598.0,0.61,238.0,0.16,12
F,1.2635,0.3455,0.53,0.61,315.0,175.0,10
F,1.0745,0.29,0.4925,0.61,236.0,0.16,8
M,1403.0,365.0,0.6715,615.0,0.2925,0.19,8
M,1.1325,0.2825,0.5235,0.62,0.2505,165.0,9
F,1.1115,345.0,0.4495,625.0,0.2825,0.16,11
F,1255.0,405.0,525.0,625.0,0.2415,0.17,10
M,1437.0,475.0,0.5855,625.0,293.0,0.17,11
M,1.3635,295.0,583.0,635.0,0.2985,155.0,10
F,1.1435,353.0,0.4915,0.64,0.2345,195.0,9
M,1.4545,354.0,642.0,0.64,0.3575,0.17,9
M,1478.0,372.0,0.5815,0.66,381.0,0.18,10
F,1.6885,0.4265,0.7295,665.0,407.0,165.0,11
F,2.0725,565.0,0.8655,715.0,0.4095,0.23,10
M,1787.0,529.0,718.0,0.72,385.0,0.2,11
F,1523.0,0.4375,0.8045,725.0,0.3595,185.0,9
I,21.0,14.0,0.0075,165.0,0.0045,0.05,3
I,0.0455,13.0,0.02,0.21,0.0065,55.0,4
I,0.2435,0.06,122.0,355.0,0.0525,85.0,6
I,0.2675,0.0765,116.0,0.4,0.0585,85.0,6
I,258.0,0.0815,104.0,0.4,59.0,0.1,7
I,0.2985,75.0,0.1375,0.4,71.0,0.11,6
I,411.0,0.1,0.2025,435.0,0.0945,0.11,7
I,0.38,0.09,197.0,0.44,79.0,0.11,7
I,0.4385,0.12,0.21,0.45,0.0925,105.0,8
I,0.4015,109.0,242.0,465.0,0.0345,105.0,6
I,0.4485,123.0,156.0,0.47,102.0,145.0,7
I,0.4155,139.0,167.0,0.47,84.0,115.0,7
I,0.7095,0.1845,0.35,475.0,0.1505,0.16,8
I,637.0,128.0,0.38,485.0,0.1335,115.0,7
F,1.1155,0.3065,509.0,505.0,239.0,0.16,8
I,599.0,0.1485,0.3065,0.51,0.1155,0.13,8
I,0.5345,0.1535,0.2375,0.52,122.0,0.13,8
F,627.0,183.0,0.2905,0.53,0.1165,0.14,8
M,0.7465,0.2185,348.0,535.0,0.1515,0.16,10
M,985.0,0.27,0.4645,0.55,201.0,0.16,8
M,0.85,0.23,0.4165,555.0,0.1685,145.0,8
M,838.0,0.23,0.4155,555.0,146.0,0.15,8
F,812.0,0.2215,0.4055,555.0,163.0,135.0,9
M,0.7615,0.1955,0.3695,0.56,0.17,0.13,8
M,0.87,225.0,0.3945,575.0,0.2195,145.0,8
F,0.9835,0.22,0.4845,585.0,242.0,145.0,9
M,929.0,255.0,0.38,0.59,0.24,145.0,10
F,1.0155,289.0,491.0,595.0,0.1905,165.0,9
M,939.0,268.0,0.4475,0.6,196.0,145.0,8
M,1164.0,335.0,0.5045,0.6,0.2635,0.16,12
M,1214.0,325.0,0.5315,0.61,0.2835,175.0,10
F,1.1345,348.0,0.4695,615.0,257.0,0.19,11
F,1233.0,322.0,592.0,0.62,274.0,0.18,10
M,1.0815,0.3135,0.4715,625.0,254.0,0.18,10
M,1179.0,271.0,605.0,625.0,258.0,175.0,9
F,1.1635,0.32,554.0,0.64,239.0,165.0,11
F,1.1545,288.0,0.4865,0.64,341.0,175.0,9
F,1.3345,355.0,667.0,645.0,0.2665,175.0,10
M,1469.0,0.38,0.7115,0.65,0.3335,0.18,9
M,1492.0,355.0,0.7185,655.0,0.36,0.18,11
F,1.5585,385.0,0.7285,655.0,402.0,175.0,11
F,1.3275,0.4085,556.0,0.66,0.2805,175.0,9
M,1.6615,0.43,0.8005,0.67,0.3645,0.18,10
F,1492.0,0.42,0.6425,0.69,0.3905,0.19,12
F,1.7365,461.0,0.7755,0.7,0.3965,0.2,11
F,1.6605,398.0,0.8605,0.7,0.3275,175.0,11
M,1348.0,0.4535,0.8985,0.71,0.4435,195.0,11
M,1.7405,449.0,871.0,715.0,347.0,0.18,10
F,1.7185,468.0,0.7925,0.72,401.0,185.0,11
I,41.0,0.0125,15.0,215.0,9.0,55.0,3
I,0.0655,0.02,0.0295,0.24,0.0005,0.06,4
I,97.0,0.0305,0.0415,0.26,19.0,0.07,4
I,131.0,38.0,0.0615,0.32,0.0265,85.0,6
I,0.1695,0.0505,79.0,0.33,26.0,85.0,6
I,192.0,54.0,97.0,335.0,0.03,85.0,6
I,0.1765,0.0575,72.0,0.35,0.0355,0.09,7
I,0.1735,56.0,0.0775,0.35,34.0,85.0,6
I,0.1785,54.0,0.0785,0.36,35.0,75.0,6
I,0.2055,0.0585,96.0,0.36,37.0,0.09,7
I,0.2345,0.0625,108.0,365.0,51.0,0.09,7
I,0.2305,0.0775,0.1005,0.38,39.0,0.09,7
I,314.0,87.0,0.1545,0.4,0.0595,115.0,6
I,0.33,0.08,151.0,0.4,68.0,0.09,6
I,0.2775,0.08,0.1245,0.4,0.0605,0.1,9
I,405.0,0.1065,0.1695,425.0,92.0,0.11,8
I,309.0,98.0,119.0,0.43,0.08,105.0,6
M,0.4385,0.1315,0.2075,435.0,0.0715,0.11,7
I,396.0,125.0,0.1775,435.0,81.0,0.12,8
I,0.3615,0.12,0.1415,445.0,0.0785,95.0,8
I,514.0,0.14,253.0,0.45,0.1045,0.11,8
I,0.4265,0.1205,195.0,455.0,0.09,0.11,8
I,384.0,0.11,0.1795,0.46,68.0,0.09,8
I,0.4865,142.0,0.2155,475.0,0.1105,125.0,9
I,0.4355,125.0,196.0,475.0,0.0925,135.0,8
I,498.0,0.14,0.2375,475.0,99.0,115.0,7
I,494.0,0.15,0.2385,0.48,0.0835,125.0,9
F,594.0,0.1375,0.28,495.0,0.11,0.12,7
I,528.0,0.1645,229.0,0.5,103.0,125.0,9
M,0.5585,0.1535,0.2575,505.0,119.0,115.0,8
I,636.0,0.1855,0.3055,515.0,0.1215,135.0,9
I,567.0,0.16,0.2875,525.0,0.1075,105.0,8
I,0.6615,0.19,0.2945,0.53,0.1395,0.13,9
I,658.0,198.0,296.0,0.53,0.1245,0.13,8
M,0.78,0.2365,0.3165,535.0,169.0,135.0,8
I,0.6075,0.1975,268.0,535.0,0.1225,0.13,9
I,0.7025,0.2,0.31,0.54,177.0,135.0,8
I,0.8725,0.2425,412.0,0.55,187.0,155.0,10
F,1.2365,308.0,0.5305,565.0,0.2455,175.0,10
M,1186.0,277.0,0.6355,0.57,0.2315,155.0,10
I,0.7745,0.2365,0.3535,0.57,0.1505,0.13,9
F,0.8875,223.0,0.4315,0.57,0.1915,0.16,8
I,0.8725,285.0,349.0,575.0,0.2095,155.0,8
I,0.8515,0.1965,0.4555,575.0,0.1715,125.0,9
F,895.0,271.0,0.3605,575.0,221.0,0.16,9
M,886.0,0.2575,0.3605,575.0,211.0,155.0,9
I,0.9265,0.27,0.4135,0.58,0.1845,0.14,10
I,0.8295,238.0,0.3915,0.58,165.0,0.14,10
I,907.0,0.2445,444.0,0.58,0.1855,0.15,11
M,1041.0,279.0,0.54,0.58,166.0,165.0,9
F,0.9355,259.0,0.4035,585.0,0.2275,165.0,9
F,1058.0,294.0,486.0,585.0,0.25,165.0,9
F,0.7955,0.2425,0.3425,595.0,0.1795,145.0,10
F,1.0805,0.3205,0.4995,0.6,0.2245,0.17,9
M,928.0,275.0,0.4225,0.6,183.0,0.15,8
F,1059.0,0.39,441.0,0.6,0.19,155.0,11
M,1157.0,0.36,522.0,0.6,0.2235,0.23,11
F,1088.0,0.31,0.4905,0.6,0.2475,0.17,10
F,776.0,239.0,0.3545,0.6,0.1585,145.0,9
F,1043.0,0.31,0.4835,0.62,221.0,165.0,10
M,1.1415,0.29,0.5795,625.0,0.2145,0.16,9
F,1.3335,319.0,605.0,625.0,0.2875,0.16,10
F,1273.0,374.0,564.0,625.0,302.0,175.0,9
M,1.1835,0.39,517.0,625.0,0.2375,165.0,11
M,1.2135,302.0,631.0,625.0,0.2235,0.16,9
I,1.0315,325.0,0.4265,0.63,0.24,0.15,11
M,1.3695,365.0,657.0,635.0,0.3055,0.17,10
M,1.3745,369.0,0.75,0.65,0.1805,185.0,12
M,1463.0,0.4115,658.0,0.65,0.3135,0.18,11
F,1.6275,432.0,689.0,0.65,0.3905,195.0,11
F,1.3875,0.3095,0.58,0.65,0.3485,165.0,9
M,1.46,405.0,686.0,655.0,311.0,0.16,11
F,1.2835,0.4,583.0,655.0,0.1255,165.0,8
F,1.3765,335.0,0.6485,0.66,288.0,155.0,12
M,1.6465,401.0,749.0,0.66,422.0,0.2,11
M,1265.0,325.0,0.6025,675.0,299.0,145.0,10
M,1.56,465.0,647.0,685.0,383.0,0.17,11
M,1.6,445.0,708.0,715.0,0.3525,0.18,12
M,2333.0,0.6195,1.2395,735.0,0.3645,0.22,12
I,28.0,9.0,0.0095,175.0,8.0,0.04,4
I,226.0,0.0675,0.1135,0.37,0.0515,95.0,8
I,0.2855,77.0,0.1385,395.0,0.0625,0.09,5
I,325.0,0.1025,0.1245,0.42,0.0755,0.11,7
I,514.0,126.0,0.2385,455.0,0.1235,0.11,8
I,0.5755,0.1395,0.31,495.0,0.1145,115.0,8
F,0.5805,148.0,0.2865,0.51,118.0,0.11,7
M,678.0,119.0,341.0,515.0,0.1325,0.14,8
M,0.8035,228.0,409.0,545.0,144.0,155.0,7
F,913.0,0.2065,0.4585,555.0,196.0,0.12,9
M,0.8675,215.0,0.3935,0.58,221.0,0.16,9
F,1.0425,0.27,0.4635,0.59,0.24,0.17,10
M,1.14,365.0,423.0,0.6,0.2575,0.18,10
F,1.3475,0.3045,0.7045,0.61,0.25,0.17,11
M,1.0735,0.31,0.4375,615.0,0.2585,155.0,11
M,1.4335,0.3285,0.7315,615.0,305.0,0.19,9
M,1304.0,371.0,0.5795,615.0,0.3115,0.2,14
M,0.9505,228.0,0.4915,0.62,0.2,0.16,9
M,1385.0,0.38,0.6355,0.63,0.2955,0.17,11
F,1.12,0.32,0.4955,0.64,0.2645,0.17,12
F,1.2645,315.0,565.0,0.64,0.3375,0.17,9
F,1275.0,333.0,583.0,655.0,303.0,0.17,8
M,1.27,335.0,0.6035,655.0,262.0,165.0,10
M,1583.0,405.0,0.7395,0.66,0.3505,175.0,10
F,1.4355,0.37,643.0,665.0,345.0,175.0,9
F,1.42,0.3905,573.0,0.67,368.0,195.0,10
M,1.5955,0.48,678.0,0.69,331.0,0.19,10
M,1.89,0.4305,0.95,715.0,436.0,0.2,10
F,2037.0,0.5675,0.87,735.0,0.5145,225.0,13
I,84.0,29.0,0.03,0.27,0.0185,0.05,6
I,0.1005,35.0,0.0425,285.0,0.0185,0.07,7
I,0.1285,0.0365,0.0585,295.0,27.0,85.0,5
I,0.1345,44.0,57.0,0.3,28.0,75.0,5
I,0.1195,35.0,52.0,0.3,0.0155,65.0,5
I,0.1895,55.0,0.0725,0.36,0.0515,85.0,6
I,257.0,0.0825,0.1015,0.37,55.0,95.0,6
I,0.2745,78.0,135.0,0.39,0.0455,0.09,8
I,342.0,105.0,0.1335,435.0,0.0835,0.1,6
I,344.0,125.0,123.0,0.44,81.0,105.0,8
I,0.3275,0.1,0.1495,0.44,59.0,95.0,8
I,0.4035,0.13,169.0,445.0,0.0825,0.12,7
I,0.4075,0.1455,0.1515,465.0,0.0935,115.0,9
I,0.4975,0.14,0.2375,465.0,99.0,0.12,8
I,0.3685,125.0,0.1525,0.47,0.0615,0.12,8
I,0.4175,127.0,0.1645,475.0,99.0,105.0,7
I,0.4425,135.0,0.1895,475.0,86.0,0.1,9
I,0.4225,0.1355,0.1905,475.0,79.0,125.0,9
I,426.0,151.0,163.0,485.0,0.0965,125.0,8
I,511.0,0.1745,0.2205,0.49,103.0,0.12,9
I,573.0,195.0,213.0,515.0,134.0,0.13,9
I,0.6385,171.0,0.2945,0.52,0.1405,0.14,8
I,657.0,168.0,0.2985,525.0,0.1505,125.0,10
F,0.8735,0.2225,0.4205,525.0,182.0,0.14,10
I,781.0,215.0,0.3905,0.53,0.2005,0.13,9
I,0.6765,208.0,256.0,0.53,0.1855,0.14,9
M,769.0,215.0,346.0,0.53,173.0,125.0,9
I,0.6235,195.0,0.2975,0.53,108.0,125.0,11
M,0.7315,0.19,336.0,535.0,156.0,0.14,7
I,0.8075,0.2595,0.3655,535.0,148.0,155.0,10
M,737.0,212.0,349.0,545.0,0.15,0.14,9
F,654.0,205.0,0.2945,545.0,0.1315,125.0,10
I,0.7915,236.0,0.3535,0.55,176.0,0.15,10
I,753.0,0.24,0.3445,0.55,0.1325,0.14,8
I,717.0,221.0,0.3315,0.55,0.1495,135.0,9
I,783.0,247.0,345.0,555.0,0.1755,0.15,9
I,872.0,217.0,0.4675,575.0,0.18,145.0,9
I,983.0,239.0,486.0,575.0,215.0,0.15,8
F,1034.0,0.32,437.0,585.0,0.2225,155.0,11
F,0.9855,0.2845,0.4325,585.0,0.2145,145.0,10
I,0.7635,265.0,326.0,585.0,153.0,0.14,9
M,0.9895,0.28,0.4235,0.59,199.0,135.0,8
I,0.9365,287.0,434.0,595.0,184.0,135.0,10
F,964.0,0.2575,0.5005,595.0,0.1715,135.0,10
F,1.0455,0.3085,0.4565,595.0,0.24,155.0,10
F,1081.0,279.0,0.49,595.0,0.2525,165.0,12
M,1012.0,305.0,441.0,0.6,0.2015,0.16,10
F,1122.0,309.0,0.5095,0.6,256.0,0.16,10
M,1.1245,0.3555,492.0,605.0,222.0,165.0,11
F,1.1345,0.35,0.4305,605.0,0.2525,0.15,10
M,1.0805,0.2935,517.0,0.61,0.2495,0.19,10
F,1.0835,317.0,0.4525,0.61,273.0,165.0,9
M,1242.0,317.0,0.5675,615.0,287.0,175.0,11
M,1.3915,332.0,726.0,0.62,0.2795,0.18,11
M,1085.0,0.35,454.0,0.62,0.1965,155.0,10
I,966.0,284.0,447.0,0.62,171.0,155.0,11
M,1.0855,305.0,481.0,0.62,0.2575,165.0,10
F,1.3025,0.3605,0.61,625.0,0.2675,135.0,14
I,1.15,0.3315,0.5255,625.0,257.0,0.16,11
I,1217.0,0.31,0.5515,0.63,212.0,0.17,11
F,1306.0,375.0,516.0,0.63,0.3305,195.0,9
M,1273.0,405.0,0.5065,0.64,0.2925,175.0,13
M,1.4865,425.0,0.6445,645.0,296.0,0.19,12
M,1.3655,0.36,0.6155,0.65,0.2885,0.17,11
M,1276.0,399.0,0.6215,0.65,0.2305,0.17,11
M,1.2075,0.32,0.55,0.65,0.2695,0.16,10
F,1281.0,0.3825,0.5985,0.65,246.0,195.0,10
M,1.4275,0.4355,0.69,0.65,306.0,205.0,13
M,1155.0,385.0,0.4955,0.65,0.2025,175.0,12
F,1.35,0.3885,575.0,0.65,0.3155,175.0,10
M,1.3685,0.4,0.5975,0.65,296.0,0.19,11
F,1431.0,398.0,622.0,0.66,309.0,0.17,10
M,1261.0,339.0,0.5,0.66,0.2335,0.18,10
F,1764.0,0.47,0.8505,665.0,0.3615,195.0,11
F,1278.0,358.0,0.5605,0.67,0.3045,155.0,11
M,1217.0,0.3315,532.0,0.67,0.2735,195.0,11
F,1.46,0.4165,0.6435,0.67,328.0,0.2,9
F,1.5575,0.4,0.7035,675.0,402.0,185.0,11
M,1527.0,341.0,809.0,675.0,318.0,0.17,11
F,1.4985,425.0,0.62,675.0,375.0,195.0,9
M,1885.0,0.4895,0.89,685.0,0.41,0.19,10
M,1432.0,0.46,637.0,685.0,247.0,175.0,11
M,1.4385,462.0,655.0,705.0,0.3255,0.21,11
F,1564.0,0.44,612.0,705.0,394.0,0.17,10
M,2.14,434.0,1.2455,0.71,0.3725,175.0,11
F,1792.0,435.0,873.0,725.0,367.0,185.0,11
M,2548.0,0.6745,1.1945,0.78,0.5745,0.21,11
I,0.1585,0.0465,0.0685,235.0,37.0,75.0,5
I,0.4015,0.1255,0.1725,0.35,63.0,0.1,7
I,465.0,128.0,0.21,0.36,0.1055,115.0,7
I,0.2885,67.0,165.0,0.38,0.0435,95.0,7
F,0.6475,164.0,323.0,0.38,0.1325,115.0,7
M,0.6485,184.0,0.2735,0.43,163.0,0.13,9
I,452.0,0.1035,0.22,465.0,159.0,105.0,9
I,0.4915,0.1325,0.1765,0.47,0.1125,0.12,9
F,0.9145,273.0,0.4145,485.0,199.0,0.15,7
M,976.0,0.2475,0.45,495.0,0.2285,155.0,9
I,0.7865,0.2455,332.0,0.5,0.1815,145.0,8
M,775.0,185.0,0.3445,505.0,157.0,0.15,7
I,0.8415,255.0,0.3845,0.51,156.0,0.15,10
M,681.0,0.17,0.3435,0.51,142.0,135.0,9
M,0.6145,146.0,0.3415,515.0,155.0,115.0,9
F,1.1655,311.0,502.0,0.55,301.0,0.18,9
F,1764.0,0.4095,914.0,575.0,377.0,0.19,10
M,1.1215,271.0,533.0,605.0,273.0,0.16,10
M,1167.0,345.0,0.4895,615.0,0.2955,165.0,10
M,1.0375,283.0,476.0,615.0,0.2325,0.15,9
M,1223.0,0.3375,565.0,625.0,0.2975,0.18,10
M,1124.0,287.0,556.0,625.0,0.2315,0.15,9
F,1.2635,355.0,512.0,635.0,322.0,0.17,9
F,1238.0,0.3005,647.0,0.65,0.2485,165.0,9
F,1.4045,0.3235,694.0,0.65,318.0,0.17,11
F,1.37,407.0,0.6065,0.67,0.2955,195.0,12
F,1.8185,0.4525,819.0,695.0,0.4025,205.0,13
F,1.7525,516.0,0.7105,705.0,0.4215,195.0,12
I,101.0,34.0,41.0,275.0,21.0,65.0,5
I,106.0,34.0,39.0,285.0,0.0285,0.07,5
I,0.1865,0.0615,0.0675,0.36,37.0,85.0,7
I,0.2575,86.0,0.1,385.0,61.0,0.1,6
I,0.3225,91.0,143.0,0.4,0.0735,0.1,6
I,0.32,123.0,118.0,0.43,65.0,95.0,7
I,0.4155,145.0,0.17,435.0,76.0,0.11,8
I,0.3935,0.11,195.0,0.45,71.0,115.0,7
I,0.4775,0.1435,0.2145,475.0,0.09,135.0,8
I,452.0,0.13,191.0,475.0,99.0,0.11,8
I,0.5065,0.1465,0.2425,485.0,88.0,0.14,8
I,0.5525,165.0,234.0,0.51,127.0,105.0,8
I,565.0,179.0,235.0,515.0,135.0,0.12,9
I,699.0,0.1945,0.3395,0.52,129.0,0.14,10
I,0.6055,0.21,0.2605,525.0,108.0,0.14,9
M,0.7905,0.2595,307.0,0.53,171.0,155.0,9
M,702.0,0.22,0.2975,0.53,0.1395,0.13,9
M,675.0,0.1825,294.0,0.53,156.0,135.0,10
I,475.0,148.0,0.2025,0.53,101.0,115.0,8
I,612.0,0.1895,0.2435,0.53,0.1525,0.15,11
I,705.0,0.22,0.3065,535.0,0.1365,145.0,10
I,728.0,265.0,0.2845,535.0,0.1845,135.0,9
F,846.0,0.2735,346.0,555.0,0.1715,0.14,10
M,0.86,275.0,0.3345,555.0,0.1935,0.16,10
M,0.8875,0.2695,0.3345,0.56,0.22,145.0,9
F,898.0,245.0,0.3895,0.56,0.2325,145.0,9
I,0.6545,0.21,0.2815,565.0,139.0,125.0,9
I,795.0,0.26,364.0,575.0,0.1505,145.0,10
M,1.0535,235.0,516.0,575.0,0.2185,0.12,9
F,927.0,0.2985,333.0,575.0,207.0,0.15,9
I,701.0,0.2255,0.3285,0.58,102.0,0.14,9
M,0.8275,0.2445,321.0,0.58,0.1975,155.0,8
F,0.9845,0.2875,442.0,585.0,0.2155,155.0,13
M,0.9565,265.0,0.4025,585.0,0.2365,145.0,9
I,0.86,245.0,437.0,0.59,0.1515,125.0,9
M,1.1785,314.0,526.0,595.0,0.2975,185.0,10
M,1.2205,0.33,0.4985,615.0,315.0,185.0,10
M,0.9685,0.2655,0.49,615.0,182.0,0.13,10
F,1107.0,343.0,0.4895,0.62,0.24,175.0,11
I,1.1305,306.0,0.5285,0.62,0.2655,0.18,12
M,1.2555,0.3175,527.0,0.62,374.0,155.0,11
M,1177.0,345.0,0.5055,625.0,278.0,155.0,9
M,1.2425,335.0,0.5995,625.0,248.0,185.0,10
M,1.09,354.0,407.0,0.63,224.0,0.16,12
F,1072.0,315.0,433.0,0.63,0.2975,0.15,8
F,1129.0,342.0,0.5015,645.0,0.24,155.0,10
F,1.2075,0.39,0.5105,0.65,262.0,175.0,10
F,1227.0,0.37,528.0,0.65,258.0,175.0,11
F,1472.0,0.45,0.6275,655.0,0.27,175.0,13
F,1.5785,456.0,678.0,665.0,229.0,0.18,14
M,1.4755,374.0,0.6275,0.67,379.0,175.0,10
M,1.5545,512.0,0.6645,675.0,278.0,175.0,12
F,1593.0,0.45,686.0,675.0,318.0,0.21,11
M,1.8995,0.5295,675.0,695.0,478.0,0.2,13
F,1361.0,465.0,0.5465,695.0,0.2815,175.0,10
F,1.4575,0.44,607.0,705.0,318.0,0.17,11
M,2381.0,488.0,0.8155,0.74,0.4695,205.0,12
I,0.0495,14.0,0.0235,205.0,11.0,45.0,3
I,0.1455,0.05,0.0595,305.0,0.0305,75.0,6
I,129.0,0.0355,0.0615,0.32,0.0275,0.06,7
I,0.2255,64.0,0.11,355.0,42.0,0.1,7
M,359.0,0.0975,173.0,425.0,0.0875,0.11,9
I,0.3505,0.1,0.1645,425.0,71.0,95.0,8
F,0.5885,0.1325,318.0,0.45,121.0,115.0,8
M,623.0,175.0,0.2855,515.0,0.1285,0.13,10
F,0.5375,0.17,221.0,0.52,117.0,135.0,8
I,0.5655,175.0,0.2435,525.0,119.0,125.0,8
M,0.8625,0.24,0.4225,555.0,155.0,0.13,9
F,1137.0,344.0,0.4605,0.61,0.2825,0.17,12
I,221.0,0.07,0.0985,0.35,43.0,95.0,8
I,0.2425,0.21,106.0,0.38,0.0485,95.0,6
I,386.0,0.0965,0.1805,0.46,0.0875,0.1,8
M,0.5315,0.1395,0.2725,465.0,97.0,0.12,8
M,562.0,153.0,289.0,475.0,0.0905,0.12,8
M,836.0,0.2245,406.0,565.0,0.1605,0.14,9
M,0.9275,0.2515,477.0,0.57,0.1605,0.14,8
M,0.8815,0.2735,0.3605,0.57,0.1955,145.0,10
M,1.03,0.3305,0.4275,595.0,207.0,155.0,10
F,1.1685,356.0,0.4815,605.0,0.2305,175.0,9
F,1059.0,274.0,0.4735,615.0,263.0,135.0,9
M,1127.0,296.0,535.0,0.62,0.2635,0.17,7
M,1.1665,0.3945,0.4605,625.0,0.2565,0.17,11
F,1541.0,0.4575,0.5985,0.68,395.0,185.0,10
M,1.7825,0.4285,0.5565,0.68,0.3235,195.0,11
M,1543.0,374.0,0.7525,0.68,351.0,175.0,11
F,1.47,431.0,0.5375,0.71,0.38,0.17,12
M,0.6335,235.0,0.2305,0.5,125.0,0.12,14
F,754.0,275.0,256.0,545.0,0.1775,175.0,10
F,0.4485,0.17,165.0,0.46,83.0,115.0,14
M,0.8105,0.24,345.0,535.0,187.0,0.15,11
M,0.22,85.0,0.0855,335.0,0.04,75.0,6
F,0.4425,175.0,175.0,425.0,0.0755,0.1,7
M,0.3555,105.0,146.0,0.41,72.0,0.1,9
I,34.0,5.0,12.0,0.17,0.0085,35.0,4
I,185.0,55.0,0.0795,335.0,0.0495,95.0,8
M,0.79,0.19,372.0,0.52,205.0,125.0,8
F,0.8255,245.0,375.0,0.53,204.0,145.0,9
M,0.62,205.0,255.0,0.5,0.15,125.0,11
F,0.9525,0.32,0.3915,615.0,195.0,145.0,9
M,955.0,0.27,0.44,575.0,0.1685,0.16,16
M,0.91,355.0,326.0,0.57,0.1895,155.0,14
M,416.0,145.0,0.1625,455.0,97.0,105.0,11
I,0.2045,0.08,96.0,0.37,56.0,85.0,6
M,515.0,159.0,0.2495,445.0,87.0,125.0,9
F,1604.0,453.0,0.6175,675.0,0.4255,0.22,14
M,0.3435,0.1025,0.1645,385.0,85.0,115.0,6
F,0.3005,0.1035,0.1255,375.0,0.0575,0.11,7
M,0.8255,285.0,0.2425,0.56,202.0,0.13,10
M,785.0,275.0,282.0,0.55,186.0,0.15,12
F,0.9685,255.0,446.0,0.57,261.0,155.0,9
F,731.0,255.0,236.0,485.0,183.0,155.0,11
M,0.4405,135.0,0.19,0.41,85.0,115.0,8
I,0.1785,55.0,71.0,335.0,0.0405,85.0,9
M,1373.0,0.49,443.0,655.0,0.3375,0.2,16
F,0.9765,0.37,322.0,565.0,244.0,165.0,12
F,1018.0,265.0,447.0,0.57,207.0,0.19,9
F,1082.0,0.19,0.3575,0.55,194.0,0.15,14
F,1423.0,0.49,0.4155,0.63,0.3385,175.0,14
M,655.0,185.0,266.0,475.0,0.1725,125.0,10
F,1.4155,445.0,508.0,655.0,314.0,0.18,18
I,0.1385,0.05,58.0,0.32,0.0225,65.0,5
M,782.0,285.0,285.0,525.0,0.1405,165.0,19
F,717.0,195.0,289.0,525.0,0.1745,165.0,10
F,0.6355,195.0,0.2505,0.5,0.1635,0.13,15
F,0.3975,135.0,0.1505,0.44,0.0945,135.0,8
F,656.0,205.0,0.2455,0.49,171.0,0.16,9
M,744.0,0.25,0.2875,545.0,204.0,165.0,15
F,447.0,0.13,203.0,0.45,82.0,0.11,12
F,578.0,0.17,191.0,515.0,0.1445,115.0,9
I,0.1405,0.05,56.0,0.33,35.0,75.0,5
F,708.0,0.25,274.0,525.0,151.0,0.15,12
M,0.1385,0.05,48.0,295.0,46.0,0.09,9
M,0.8615,365.0,0.2925,545.0,0.1545,0.16,16
F,1626.0,0.41,587.0,645.0,0.4055,225.0,15
M,478.0,155.0,0.18,0.45,0.1185,115.0,10
F,1.1775,295.0,0.5655,0.61,0.2385,0.17,15
I,286.0,0.09,0.1305,0.38,56.0,0.1,7
F,1058.0,0.3,439.0,565.0,0.2645,0.13,10
F,1.5415,495.0,0.5985,0.67,0.2565,0.16,15
M,817.0,195.0,0.2945,0.54,153.0,0.12,10
I,152.0,45.0,71.0,0.29,59.0,75.0,9
I,335.0,0.11,0.1525,0.41,74.0,105.0,7
F,0.4915,0.17,0.2205,0.46,88.0,0.12,7
F,0.9705,255.0,0.4315,0.56,263.0,155.0,9
F,0.9315,235.0,431.0,575.0,222.0,0.1,12
M,1221.0,0.43,0.4605,0.62,263.0,0.2,12
M,0.7365,185.0,0.2955,515.0,184.0,0.14,16
F,0.97,355.0,342.0,0.56,196.0,0.18,12
F,0.8085,295.0,273.0,0.5,112.0,0.15,13
I,0.4075,165.0,0.1535,435.0,74.0,125.0,9
M,0.6295,215.0,263.0,495.0,0.1425,135.0,12
F,1053.0,0.39,0.4405,595.0,192.0,0.18,13
M,1829.0,0.56,0.7035,0.76,386.0,0.19,14
F,1.1765,345.0,488.0,615.0,244.0,165.0,17
F,0.8765,275.0,0.3455,565.0,0.1925,0.15,10
I,0.0145,5.0,5.0,0.14,0.0035,35.0,4
M,476.0,0.1085,0.2055,445.0,0.1015,0.14,15
F,813.0,0.1775,0.3315,525.0,166.0,125.0,12
I,18.0,5.0,0.0075,0.16,0.0045,0.02,4
M,1064.0,0.36,413.0,635.0,228.0,235.0,16
M,853.0,0.35,292.0,575.0,179.0,165.0,16
M,219.0,0.07,0.0835,0.38,0.0515,95.0,6
M,0.0635,0.02,0.0245,245.0,0.0135,65.0,4
I,0.6275,185.0,276.0,0.48,134.0,0.15,13
I,441.0,145.0,0.1515,455.0,0.1165,135.0,9
F,458.0,0.12,0.1985,455.0,111.0,125.0,10
M,0.4745,168.0,0.1865,455.0,0.0935,135.0,13
I,216.0,75.0,83.0,355.0,37.0,0.1,10
I,0.6765,205.0,0.2865,0.52,146.0,0.14,15
I,757.0,215.0,315.0,0.54,181.0,145.0,11
I,0.7325,0.26,0.2415,0.52,144.0,0.14,19
I,1.0285,275.0,0.4535,0.56,253.0,165.0,11
F,712.0,225.0,0.2845,0.52,153.0,0.16,10
I,1066.0,0.33,0.4335,615.0,226.0,0.19,13
F,1.3065,345.0,479.0,645.0,0.3565,0.19,18
I,0.8545,275.0,321.0,565.0,0.1775,135.0,11
M,125.0,43.0,42.0,295.0,0.0285,85.0,8
M,0.2225,0.08,0.0875,375.0,43.0,95.0,10
I,0.6955,253.0,0.2405,525.0,0.16,0.14,10
M,266.0,0.09,0.0995,395.0,66.0,0.08,12
F,0.7105,225.0,0.27,0.5,0.1455,165.0,20
F,487.0,155.0,0.1955,0.47,127.0,115.0,8
I,728.0,0.19,0.2725,0.58,0.19,0.16,14
I,0.6675,0.18,0.2745,0.5,156.0,155.0,12
I,2.0495,655.0,0.7735,725.0,0.4405,0.22,10
F,1498.0,425.0,564.0,0.65,323.0,215.0,16
F,1597.0,0.47,0.6275,0.67,0.35,185.0,21
I,0.8605,0.3,312.0,0.55,169.0,165.0,17
F,541.0,185.0,171.0,0.49,0.1175,115.0,11
I,58.0,18.0,22.0,235.0,0.0145,0.06,6
I,0.0645,0.0215,0.0215,235.0,0.0175,0.08,5
M,0.77,0.26,263.0,0.52,157.0,115.0,11
F,541.0,0.21,186.0,475.0,0.1025,115.0,13
M,739.0,295.0,237.0,0.53,161.0,0.11,13
F,205.0,0.07,0.0745,0.35,0.0465,65.0,10
M,0.8695,0.25,0.3075,555.0,0.2575,145.0,14
M,0.6555,0.19,0.2595,505.0,0.18,105.0,11
F,1.0905,355.0,391.0,0.54,0.2295,0.16,15
F,0.6295,0.18,0.2555,525.0,144.0,115.0,11
M,1.0985,0.4,0.3765,0.55,215.0,175.0,14
M,991.0,375.0,348.0,0.55,168.0,0.16,20
I,0.0615,19.0,0.0205,235.0,0.02,65.0,6
M,0.8005,0.25,0.2635,525.0,0.1985,165.0,13
M,0.6175,0.19,202.0,475.0,0.1445,0.14,16
F,772.0,0.23,0.2855,0.53,0.1975,165.0,12
F,0.7155,0.27,0.2355,525.0,171.0,0.15,13
F,717.0,255.0,0.2115,0.53,166.0,0.13,13
F,0.6355,225.0,0.1815,465.0,157.0,0.11,13
I,0.18,47.0,0.08,315.0,45.0,0.08,5
I,0.5805,184.0,255.0,465.0,0.0915,0.12,8
M,556.0,133.0,296.0,485.0,104.0,105.0,7
I,591.0,0.1775,271.0,0.49,0.1125,0.12,9
F,686.0,0.22,281.0,515.0,0.1255,0.14,12
F,1016.0,263.0,0.4935,555.0,0.1855,155.0,10
F,1438.0,0.3345,0.5185,0.61,0.3735,0.18,9
F,1807.0,515.0,0.8225,0.68,0.3655,0.19,11
M,1777.0,0.4305,769.0,0.69,0.38,195.0,11
M,2173.0,496.0,1133.0,695.0,0.4665,205.0,10
F,2.1505,585.0,1.0745,0.72,382.0,195.0,10
I,118.0,0.0305,59.0,0.27,31.0,75.0,4
I,99.0,0.03,0.0445,0.27,17.0,0.06,5
I,0.1365,35.0,0.0575,295.0,0.0295,0.07,6
I,0.1295,35.0,52.0,295.0,28.0,65.0,6
I,164.0,45.0,0.0625,315.0,0.04,0.07,6
I,0.2875,0.08,123.0,375.0,0.0605,95.0,6
I,277.0,82.0,0.1655,0.38,0.0625,0.09,6
I,248.0,0.07,0.0935,385.0,66.0,0.09,6
I,252.0,66.0,0.1105,0.4,0.0575,95.0,6
M,0.4015,97.0,199.0,415.0,87.0,0.12,8
I,0.3905,0.1025,0.1925,415.0,0.0755,0.1,7
I,409.0,105.0,0.2055,0.42,0.0935,115.0,8
I,0.4095,119.0,163.0,0.44,0.1005,135.0,6
I,494.0,0.1405,0.2205,0.45,0.0945,135.0,7
I,0.4905,135.0,0.2035,475.0,0.13,0.12,7
M,599.0,169.0,251.0,485.0,0.1345,0.12,8
M,0.6245,155.0,282.0,495.0,143.0,115.0,6
F,0.7745,0.18,416.0,525.0,163.0,115.0,7
M,0.9795,275.0,444.0,565.0,205.0,0.15,8
I,0.8915,0.2515,363.0,0.58,0.1925,0.15,6
F,874.0,225.0,0.3545,585.0,0.2075,125.0,6
M,1262.0,0.33,0.6245,0.6,0.2455,155.0,10
M,1.21,322.0,0.53,0.63,0.2555,185.0,11
F,1.37,0.34,0.6135,645.0,283.0,0.17,10
F,1759.0,547.0,0.6865,655.0,313.0,185.0,11
M,1.3855,0.3445,621.0,665.0,302.0,165.0,8
F,1.8065,0.5055,758.0,0.67,0.3735,195.0,11
M,1.5945,0.4505,0.6705,0.67,0.3845,0.2,10
M,1.4545,0.3725,0.6315,685.0,0.3105,0.18,9
M,2003.0,0.5755,0.8105,0.7,0.4045,0.23,10
M,2.2385,621.0,984.0,0.72,411.0,235.0,12
I,32.0,0.01,11.0,185.0,0.0065,45.0,4
I,0.0785,0.02,0.04,245.0,18.0,55.0,5
I,134.0,0.3505,0.0575,315.0,0.0285,0.0,6
I,0.2075,62.0,98.0,0.36,39.0,0.09,6
I,0.2235,55.0,115.0,375.0,43.0,0.08,6
I,0.34,83.0,181.0,415.0,57.0,95.0,6
I,0.5365,0.1325,0.2855,455.0,0.0855,135.0,7
I,635.0,135.0,352.0,0.48,127.0,105.0,6
I,562.0,0.1525,0.2505,485.0,0.1345,125.0,8
I,597.0,0.1555,293.0,0.51,0.1265,125.0,8
M,0.5815,0.17,0.2565,0.52,0.1265,125.0,10
F,0.7545,0.2015,0.3525,555.0,0.1835,0.14,9
M,0.98,247.0,0.4315,585.0,0.2545,0.15,9
F,1.0035,0.2515,503.0,585.0,0.2105,0.15,11
M,1133.0,305.0,0.5515,585.0,223.0,155.0,12
M,1146.0,265.0,597.0,0.61,246.0,0.16,8
M,1142.0,245.0,0.62,0.61,237.0,0.15,9
M,1.12,286.0,0.5775,615.0,0.2095,0.17,9
F,1011.0,255.0,479.0,0.62,0.2385,0.14,8
M,1131.0,323.0,0.5425,625.0,0.2265,175.0,8
M,1065.0,285.0,0.4865,625.0,259.0,175.0,10
M,1181.0,225.0,665.0,635.0,229.0,145.0,10
F,1382.0,0.37,646.0,0.64,0.3115,175.0,9
M,1.4385,178.0,0.6775,0.66,285.0,0.19,11
M,1.2275,0.3,0.61,0.66,274.0,155.0,8
M,1.4415,335.0,0.7055,0.66,0.3555,155.0,10
F,1473.0,0.4295,713.0,0.68,282.0,175.0,11
F,1658.0,0.4715,708.0,0.69,0.3615,195.0,10
M,1.7475,0.4705,0.8215,0.72,383.0,195.0,11
I,96.0,0.03,37.0,275.0,0.0225,0.07,6
I,0.1445,0.0505,58.0,0.33,32.0,65.0,6
I,0.1965,55.0,0.0915,0.33,0.0425,85.0,7
I,196.0,0.0605,0.0865,365.0,36.0,0.09,7
I,0.2155,0.0655,0.1005,365.0,49.0,0.09,6
I,0.2805,0.0925,0.1125,0.42,0.0615,0.1,8
I,334.0,0.0965,0.1355,435.0,0.0775,0.11,7
I,366.0,109.0,174.0,435.0,0.0725,0.1,7
I,0.4965,0.1075,258.0,0.44,0.1195,0.11,8
I,651.0,0.18,0.3165,485.0,132.0,0.09,8
I,0.5125,172.0,0.2075,495.0,0.1155,125.0,10
M,0.6925,0.1805,327.0,0.51,155.0,125.0,7
I,0.5995,182.0,242.0,0.52,0.1375,0.14,11
I,0.74,0.1985,0.3595,0.54,159.0,0.14,8
I,702.0,0.19,322.0,0.54,167.0,155.0,10
I,672.0,0.21,288.0,0.55,0.1365,125.0,11
I,811.0,235.0,0.3685,0.56,178.0,155.0,11
F,0.9585,275.0,447.0,575.0,169.0,0.12,12
I,858.0,215.0,449.0,575.0,166.0,0.15,10
F,0.9575,236.0,0.4815,575.0,0.1945,165.0,10
F,926.0,275.0,0.4025,0.58,208.0,135.0,8
F,873.0,239.0,0.3615,0.58,249.0,155.0,10
M,998.0,301.0,445.0,0.59,214.0,0.16,9
M,0.6655,269.0,285.0,0.6,149.0,155.0,11
M,1003.0,0.28,0.4655,0.62,0.2195,145.0,11
F,1234.0,0.35,0.6335,625.0,192.0,0.16,13
M,1025.0,0.34,0.46,625.0,0.1945,155.0,9
M,1.2935,355.0,0.5805,625.0,317.0,175.0,9
M,1.0565,305.0,0.4615,625.0,258.0,175.0,10
M,1.7855,0.3245,675.0,625.0,247.0,145.0,13
F,1.2255,0.36,0.5075,625.0,296.0,165.0,10
F,1.2565,0.35,539.0,635.0,292.0,0.18,10
F,1159.0,0.31,0.4675,645.0,0.3355,0.15,9
M,1403.0,0.4545,0.5755,645.0,0.2515,165.0,11
F,1826.0,499.0,797.0,0.69,409.0,185.0,11
F,1.7715,437.0,0.8195,695.0,331.0,185.0,10
M,0.6125,0.1415,302.0,515.0,0.1365,0.12,8
I,658.0,174.0,327.0,545.0,0.1445,0.13,8
M,911.0,278.0,375.0,0.62,0.2145,145.0,10
M,1.1955,0.3,0.5845,0.63,257.0,0.15,9
F,1336.0,0.35,553.0,0.63,0.3205,0.16,11
F,1.36,305.0,653.0,0.64,347.0,0.18,9
I,0.2325,72.0,93.0,0.37,56.0,0.08,6
I,317.0,0.0935,153.0,395.0,0.0505,85.0,7
I,318.0,0.0935,0.1335,0.4,0.0725,115.0,6
I,0.2645,85.0,0.1,0.41,0.0655,0.1,7
I,0.4055,0.1185,175.0,455.0,92.0,105.0,8
I,524.0,145.0,246.0,0.48,0.1095,125.0,7
I,464.0,149.0,0.2015,485.0,0.09,0.11,8
I,439.0,0.1305,0.1875,0.5,0.1055,0.12,8
I,0.5805,0.19,0.2365,515.0,0.1075,125.0,9
I,622.0,169.0,278.0,0.52,0.1455,0.14,8
M,0.7805,216.0,0.3795,545.0,0.1625,0.15,8
I,772.0,0.2615,289.0,545.0,0.19,0.14,8
I,741.0,206.0,348.0,0.55,0.1585,125.0,9
M,0.8265,225.0,0.4405,0.55,159.0,0.18,10
M,0.7275,0.19,343.0,0.55,0.1625,0.13,8
I,0.7005,0.2095,0.3395,555.0,0.1355,125.0,8
M,0.9355,0.2725,425.0,0.56,0.1645,145.0,11
I,1.1815,0.3095,581.0,565.0,0.2215,0.15,9
M,1.0145,0.3,516.0,0.57,164.0,0.16,10
F,1.1,0.31,506.0,575.0,0.2485,0.17,10
M,1218.0,0.3,639.0,585.0,241.0,0.16,11
M,874.0,0.24,369.0,0.59,0.2135,155.0,8
I,984.0,0.2755,0.4865,595.0,184.0,155.0,10
M,1.0105,298.0,423.0,0.6,219.0,0.13,9
M,1.0765,0.27,488.0,0.61,249.0,155.0,9
M,1337.0,0.37,0.5995,615.0,0.2815,205.0,11
M,1.3705,0.3705,645.0,625.0,303.0,0.18,12
F,1.7015,0.3855,0.7465,625.0,0.4105,0.19,11
M,1.2435,0.37,0.5175,0.63,308.0,0.18,11
M,1.4135,0.3555,667.0,0.63,0.2945,175.0,13
F,1073.0,0.35,467.0,635.0,0.1975,155.0,11
F,1477.0,0.39,684.0,635.0,0.3005,175.0,12
M,1.2915,0.37,594.0,635.0,0.2695,0.18,9
F,1.3105,355.0,577.0,0.65,0.3315,0.16,9
M,1.4915,381.0,728.0,0.67,343.0,0.18,9
F,1494.0,0.37,0.7365,675.0,0.3055,175.0,9
F,1.1965,386.0,475.0,675.0,304.0,0.15,11
M,1672.0,0.48,0.7075,0.68,364.0,185.0,11
M,1.9125,506.0,0.8825,0.7,0.4385,215.0,10
F,1907.0,475.0,0.8725,0.71,0.4565,175.0,11
F,1.79,0.5385,844.0,715.0,0.3535,0.18,9
F,1.7495,0.48,0.7755,0.72,0.4225,205.0,11
I,0.3415,86.0,0.1645,0.42,0.0775,0.1,7
I,519.0,126.0,0.2365,0.48,0.1275,0.1,7
M,0.5305,139.0,0.2405,0.48,127.0,0.13,8
M,1.2825,0.3795,569.0,0.51,291.0,155.0,9
I,0.7165,0.1785,0.3495,515.0,0.1595,0.14,8
F,1.6645,0.4525,0.7755,0.56,0.35,0.18,9
I,837.0,0.2,414.0,0.56,214.0,0.14,8
F,0.9645,209.0,531.0,0.57,189.0,0.15,9
F,1.1,0.2585,547.0,605.0,0.2665,155.0,10
M,1.2415,0.2785,0.6575,625.0,0.2625,0.16,9
F,1.3185,0.3315,0.6185,0.64,302.0,175.0,9
M,1.3455,0.3865,586.0,0.65,278.0,185.0,9
I,0.1185,42.0,48.0,0.3,0.0225,0.05,4
M,197.0,77.0,73.0,0.35,0.0365,0.09,7
I,0.4725,0.15,215.0,455.0,0.0745,0.13,9
I,0.4495,0.15,0.1755,0.46,102.0,0.11,8
I,557.0,0.1765,0.2275,0.49,0.1335,115.0,8
I,516.0,165.0,197.0,0.5,0.1305,0.12,8
I,709.0,185.0,0.3195,0.54,174.0,135.0,9
M,0.7385,252.0,321.0,0.55,0.1485,145.0,11
I,0.7935,0.26,378.0,0.55,142.0,0.11,10
M,0.9205,255.0,404.0,555.0,0.2275,145.0,8
I,0.7655,0.24,331.0,0.57,0.14,0.14,10
M,824.0,263.0,0.3465,0.58,0.1765,0.14,10
I,0.83,0.2575,379.0,0.58,0.1605,145.0,11
I,985.0,315.0,0.3695,585.0,0.2395,0.17,10
M,997.0,251.0,0.4055,585.0,283.0,0.15,11
F,914.0,271.0,0.3895,595.0,0.2225,0.14,9
F,1.13,335.0,0.4405,0.6,267.0,0.17,11
F,1.0805,0.32,0.52,615.0,0.19,155.0,9
M,1105.0,325.0,492.0,0.63,226.0,155.0,11
M,1229.0,335.0,535.0,0.63,0.29,155.0,11
F,1.2355,347.0,0.5205,635.0,0.3085,175.0,10
F,1.2395,424.0,468.0,645.0,0.2385,0.19,10
F,1357.0,0.43,0.5725,0.65,281.0,165.0,11
M,1402.0,365.0,624.0,655.0,0.2935,0.18,13
F,1359.0,405.0,642.0,655.0,0.3255,0.22,13
M,1669.0,508.0,0.7465,0.67,0.2935,0.19,11
M,1.7405,657.0,0.6205,0.67,297.0,0.2,11
M,1.51,385.0,664.0,695.0,0.4095,0.21,10
M,1.6645,445.0,727.0,695.0,0.36,195.0,11
M,2.0505,355.0,0.8005,0.77,526.0,175.0,11
I,124.0,0.03,63.0,0.28,0.0215,0.07,6
I,0.14,46.0,0.0565,0.33,0.0365,0.08,7
I,0.1695,41.0,0.0835,0.35,0.0355,75.0,6
I,218.0,0.0615,0.0995,0.37,0.0545,0.09,7
I,384.0,0.11,0.1885,0.43,0.0715,115.0,8
I,393.0,0.0885,219.0,435.0,75.0,95.0,6
I,0.3805,115.0,0.1575,0.44,0.0895,0.11,6
M,0.4895,146.0,0.2185,475.0,107.0,0.11,8
M,0.5135,155.0,241.0,475.0,0.1045,0.14,8
I,0.4495,0.14,201.0,0.48,89.0,0.11,8
F,0.8025,259.0,0.35,0.56,0.1615,135.0,9
F,1053.0,0.3,458.0,585.0,217.0,165.0,11
F,0.9945,0.2845,0.4255,585.0,263.0,0.17,11
M,0.3175,92.0,137.0,385.0,68.0,0.1,8
I,344.0,79.0,181.0,0.39,0.0695,85.0,7
I,0.2845,81.0,0.1255,0.39,0.0635,0.1,7
I,0.3035,88.0,0.15,405.0,0.0505,85.0,7
I,499.0,156.0,232.0,475.0,0.0885,115.0,10
M,577.0,0.1535,269.0,0.5,0.1265,125.0,9
F,615.0,0.1765,0.2865,515.0,123.0,125.0,8
M,791.0,0.1815,375.0,0.52,0.18,165.0,10
M,0.8395,0.2405,0.3155,0.55,0.1955,0.13,10
M,0.8675,229.0,0.4,0.56,172.0,155.0,8
F,887.0,249.0,0.37,565.0,239.0,165.0,11
M,966.0,0.2605,439.0,0.59,0.2145,135.0,10
M,1176.0,308.0,0.5255,0.6,0.2875,205.0,9
F,1.0945,296.0,531.0,625.0,261.0,0.15,10
M,1.9485,495.0,0.9455,0.71,0.3765,195.0,12
